query_id,subject_id,percent_identity,percent_coverage,alignment_length,query_start,query_end,subject_start,subject_end
Feature1,NZ_AP026112.1,100.0,100.0,81,1,81,3175048,3174968
Feature2,NZ_AP026112.1,100.0,100.0,100,1,100,3175067,3174968
Feature3,NZ_AP026112.1,100.0,100.0,80,1,80,3175047,3174968
Feature4,NZ_AP026112.1,100.0,100.0,87,1,87,1213222,1213136
Feature5,NZ_AP026112.1,100.0,100.0,97,1,97,1213233,1213137
Feature6,NZ_AP026112.1,100.0,100.0,80,1,80,3175080,3175001
Feature12,NZ_AP026112.1,100.0,100.0,81,1,81,2610861,2610941
Feature13,NZ_AP026112.1,100.0,100.0,100,1,100,4592625,4592526
Feature16,NZ_AP026112.1,100.0,100.0,100,1,100,3176339,3176438
Feature19,NZ_AP026112.1,100.0,100.0,100,1,100,1205028,1204929
Feature19,NZ_AP026112.1,100.0,100.0,100,1,100,2592662,2592761
Feature19,NZ_AP026112.1,100.0,100.0,100,1,100,2848833,2848932
Feature23,NZ_AP026112.1,100.0,100.0,100,1,100,5334781,5334880
Feature27,NZ_AP026112.1,100.0,100.0,87,1,87,2296783,2296697
Feature31,NZ_AP026112.1,100.0,100.0,89,1,89,2049230,2049142
Feature32,NZ_AP026112.1,100.0,100.0,100,1,100,2610952,2610853
Feature35,NZ_AP026112.1,100.0,100.0,100,1,100,3176565,3176664
Feature36,NZ_AP026112.1,100.0,100.0,86,1,86,3174994,3175079
Feature37,NZ_AP026112.1,100.0,100.0,100,1,100,3175068,3174969
Feature40,NZ_AP026112.1,100.0,100.0,100,1,100,4592659,4592560
Feature42,NZ_AP026112.1,100.0,100.0,100,1,100,2012631,2012730
Feature44,NZ_AP026112.1,100.0,100.0,98,1,98,3175086,3174989
Feature45,NZ_AP026112.1,100.0,100.0,86,1,86,2296892,2296807
Feature47,NZ_AP026112.1,100.0,100.0,81,1,81,2296815,2296895
Feature48,NZ_AP026112.1,100.0,100.0,81,1,81,1213222,1213142
Feature51,NZ_AP026112.1,100.0,100.0,84,1,84,1517211,1517294
Feature52,NZ_AP026112.1,100.0,100.0,87,1,87,3174994,3175080
Feature60,NZ_AP026112.1,100.0,100.0,100,1,100,3176566,3176665
Feature61,NZ_AP026112.1,100.0,100.0,100,1,100,3176564,3176663
Feature63,NZ_AP026112.1,100.0,100.0,100,1,100,3489366,3489267
Feature68,NZ_AP026112.1,100.0,100.0,95,1,95,906244,906338
Feature75,NZ_AP026112.1,100.0,100.0,100,1,100,2883530,2883431
Feature77,NZ_AP026112.1,100.0,100.0,100,1,100,1204918,1205017
Feature77,NZ_AP026112.1,100.0,100.0,100,1,100,2592772,2592673
Feature77,NZ_AP026112.1,100.0,100.0,100,1,100,2848943,2848844
Feature80,NZ_AP026112.1,100.0,100.0,93,1,93,3174994,3175086
Feature85,NZ_AP026112.1,100.0,100.0,84,1,84,3175001,3175084
Feature89,NZ_AP026112.1,100.0,100.0,97,1,97,2850439,2850343
Feature90,NZ_AP026112.1,100.0,100.0,93,1,93,3883775,3883867
Feature94,NZ_AP026112.1,100.0,100.0,100,1,100,3489248,3489347
Feature98,NZ_AP026112.1,100.0,100.0,92,1,92,2131137,2131046
Feature99,NZ_AP026112.1,100.0,100.0,100,1,100,2883533,2883434
Feature101,NZ_AP026112.1,100.0,100.0,84,1,84,3174997,3175080
Feature103,NZ_AP026112.1,100.0,100.0,92,1,92,924765,924674
Feature104,NZ_AP026112.1,100.0,100.0,87,1,87,3175075,3174989
Feature107,NZ_AP026112.1,100.0,100.0,100,1,100,924787,924688
Feature107,NZ_AP026112.1,100.0,100.0,100,1,100,1574830,1574731
Feature108,NZ_AP026112.1,100.0,100.0,100,1,100,1188191,1188290
Feature109,NZ_AP026112.1,100.0,100.0,100,1,100,3176387,3176288
Feature110,NZ_AP026112.1,100.0,100.0,100,1,100,5334541,5334442
Feature112,NZ_AP026112.1,100.0,100.0,85,1,85,1204783,1204699
Feature112,NZ_AP026112.1,100.0,100.0,85,1,85,1517331,1517247
Feature112,NZ_AP026112.1,100.0,100.0,85,1,85,2592907,2592991
Feature112,NZ_AP026112.1,100.0,100.0,85,1,85,2849078,2849162
Feature115,NZ_AP026112.1,100.0,100.0,96,1,96,1608926,1608831
Feature117,NZ_AP026112.1,100.0,100.0,85,1,85,3175001,3175085
Feature119,NZ_AP026112.1,100.0,100.0,89,1,89,2296895,2296807
Feature120,NZ_AP026112.1,100.0,100.0,92,1,92,1608922,1608831
Feature122,NZ_AP026112.1,100.0,100.0,100,1,100,3489344,3489245
Feature124,NZ_AP026112.1,100.0,100.0,100,1,100,3176662,3176563
Feature129,NZ_AP026112.1,100.0,100.0,100,1,100,308223,308124
Feature130,NZ_AP026112.1,100.0,100.0,100,1,100,2074759,2074858
Feature132,NZ_AP026112.1,100.0,100.0,100,1,100,1491742,1491841
Feature133,NZ_AP026112.1,100.0,100.0,85,1,85,3175086,3175002
Feature134,NZ_AP026112.1,100.0,100.0,100,1,100,4443630,4443531
Feature135,NZ_AP026112.1,100.0,100.0,95,1,95,1608925,1608831
Feature137,NZ_AP026112.1,100.0,100.0,86,1,86,2850439,2850354
Feature138,NZ_AP026112.1,100.0,100.0,84,1,84,924687,924770
Feature138,NZ_AP026112.1,100.0,100.0,84,1,84,1574730,1574813
Feature140,NZ_AP026112.1,100.0,100.0,80,1,80,1204783,1204704
Feature140,NZ_AP026112.1,100.0,100.0,80,1,80,1517331,1517252
Feature140,NZ_AP026112.1,100.0,100.0,80,1,80,2592907,2592986
Feature140,NZ_AP026112.1,100.0,100.0,80,1,80,2849078,2849157
Feature143,NZ_AP026112.1,100.0,100.0,100,1,100,5334551,5334452
Feature145,NZ_AP026112.1,100.0,100.0,98,1,98,1190534,1190437
Feature146,NZ_AP026112.1,100.0,100.0,96,1,96,924687,924782
Feature146,NZ_AP026112.1,100.0,100.0,96,1,96,1574730,1574825
Feature147,NZ_AP026112.1,100.0,100.0,100,1,100,1729807,1729708
Feature147,NZ_AP026112.1,100.0,100.0,100,1,100,2844723,2844822
Feature148,NZ_AP026112.1,100.0,100.0,80,1,80,924770,924691
Feature148,NZ_AP026112.1,100.0,100.0,80,1,80,1574813,1574734
Feature149,NZ_AP026112.1,100.0,100.0,99,1,99,2624548,2624450
Feature151,NZ_AP026112.1,100.0,100.0,98,1,98,1203739,1203642
Feature151,NZ_AP026112.1,100.0,100.0,98,1,98,2850122,2850219
Feature153,NZ_AP026112.1,100.0,100.0,100,1,100,1729765,1729666
Feature153,NZ_AP026112.1,100.0,100.0,100,1,100,2844765,2844864
Feature155,NZ_AP026112.1,100.0,100.0,82,1,82,899829,899748
Feature157,NZ_AP026112.1,100.0,100.0,100,1,100,1517243,1517342
Feature157,NZ_AP026112.1,100.0,100.0,100,1,100,2592995,2592896
Feature157,NZ_AP026112.1,100.0,100.0,100,1,100,2849166,2849067
Feature159,NZ_AP026112.1,100.0,100.0,99,1,99,1491891,1491793
Feature160,NZ_AP026112.1,100.0,100.0,91,1,91,1608922,1608832
Feature165,NZ_AP026112.1,100.0,100.0,87,1,87,2045072,2045158
Feature165,NZ_AP026112.1,100.0,100.0,87,1,87,2589198,2589284
Feature166,NZ_AP026112.1,100.0,100.0,90,1,90,1204704,1204793
Feature166,NZ_AP026112.1,100.0,100.0,90,1,90,1517252,1517341
Feature166,NZ_AP026112.1,100.0,100.0,90,1,90,2592986,2592897
Feature166,NZ_AP026112.1,100.0,100.0,90,1,90,2849157,2849068
Feature167,NZ_AP026112.1,100.0,100.0,100,1,100,272537,272438
Feature168,NZ_AP026112.1,100.0,100.0,100,1,100,1517228,1517327
Feature168,NZ_AP026112.1,100.0,100.0,100,1,100,2593010,2592911
Feature168,NZ_AP026112.1,100.0,100.0,100,1,100,2849181,2849082
Feature169,NZ_AP026112.1,100.0,100.0,80,1,80,3035158,3035079
Feature174,NZ_AP026112.1,100.0,100.0,100,1,100,1517244,1517343
Feature174,NZ_AP026112.1,100.0,100.0,100,1,100,2592994,2592895
Feature174,NZ_AP026112.1,100.0,100.0,100,1,100,2849165,2849066
Feature176,NZ_AP026112.1,100.0,100.0,100,1,100,2883514,2883415
Feature178,NZ_AP026112.1,100.0,100.0,88,1,88,3175086,3174999
Feature179,NZ_AP026112.1,100.0,100.0,88,1,88,2881934,2882021
Feature181,NZ_AP026112.1,100.0,100.0,83,1,83,265392,265310
Feature182,NZ_AP026112.1,100.0,100.0,100,1,100,2012636,2012735
Feature184,NZ_AP026112.1,100.0,100.0,100,1,100,1208017,1208116
Feature186,NZ_AP026112.1,100.0,100.0,100,1,100,2043473,2043572
Feature186,NZ_AP026112.1,100.0,100.0,100,1,100,2587599,2587698
Feature188,NZ_AP026112.1,100.0,100.0,100,1,100,924707,924806
Feature188,NZ_AP026112.1,100.0,100.0,100,1,100,1574750,1574849
Feature191,NZ_AP026112.1,100.0,100.0,100,1,100,1517322,1517223
Feature191,NZ_AP026112.1,100.0,100.0,100,1,100,2592916,2593015
Feature191,NZ_AP026112.1,100.0,100.0,100,1,100,2849087,2849186
Feature196,NZ_AP026112.1,100.0,100.0,100,1,100,1180209,1180308
Feature198,NZ_AP026112.1,100.0,100.0,100,1,100,2119290,2119389
Feature199,NZ_AP026112.1,100.0,100.0,89,1,89,2883847,2883759
Feature203,NZ_AP026112.1,100.0,100.0,100,1,100,4600474,4600375
Feature204,NZ_AP026112.1,100.0,100.0,88,1,88,2296815,2296902
Feature205,NZ_AP026112.1,100.0,100.0,89,1,89,1175942,1175854
Feature206,NZ_AP026112.1,100.0,100.0,95,1,95,1175855,1175949
Feature209,NZ_AP026112.1,100.0,100.0,80,1,80,2129436,2129357
Feature212,NZ_AP026112.1,100.0,100.0,100,1,100,2883490,2883391
Feature214,NZ_AP026112.1,100.0,100.0,100,1,100,2296787,2296886
Feature215,NZ_AP026112.1,100.0,100.0,100,1,100,5091854,5091755
Feature216,NZ_AP026112.1,100.0,100.0,81,1,81,2296885,2296805
Feature219,NZ_AP026112.1,100.0,100.0,100,1,100,2846868,2846769
Feature222,NZ_AP026112.1,100.0,100.0,95,1,95,927660,927754
Feature223,NZ_AP026112.1,100.0,100.0,81,1,81,2098324,2098404
Feature224,NZ_AP026112.1,100.0,100.0,100,1,100,2100618,2100717
Feature225,NZ_AP026112.1,100.0,100.0,100,1,100,2100644,2100743
Feature226,NZ_AP026112.1,100.0,100.0,100,1,100,1212868,1212769
Feature226,NZ_AP026112.1,100.0,100.0,100,1,100,2041304,2041403
Feature226,NZ_AP026112.1,100.0,100.0,100,1,100,5093959,5093860
Feature228,NZ_AP026112.1,100.0,100.0,100,1,100,2883436,2883337
Feature231,NZ_AP026112.1,100.0,100.0,100,1,100,1205030,1204931
Feature231,NZ_AP026112.1,100.0,100.0,100,1,100,2592660,2592759
Feature231,NZ_AP026112.1,100.0,100.0,100,1,100,2848831,2848930
Feature232,NZ_AP026112.1,100.0,100.0,94,1,94,1487674,1487767
Feature235,NZ_AP026112.1,100.0,100.0,100,1,100,1213388,1213289
Feature235,NZ_AP026112.1,100.0,100.0,100,1,100,1213529,1213430
Feature235,NZ_AP026112.1,100.0,100.0,100,1,100,1213670,1213571
Feature235,NZ_AP026112.1,100.0,100.0,100,1,100,2584768,2584867
Feature235,NZ_AP026112.1,100.0,100.0,100,1,100,2584909,2585008
Feature239,NZ_AP026112.1,100.0,100.0,89,1,89,1183185,1183273
Feature241,NZ_AP026112.1,100.0,100.0,81,1,81,924687,924767
Feature241,NZ_AP026112.1,100.0,100.0,81,1,81,1574730,1574810
Feature244,NZ_AP026112.1,100.0,100.0,90,1,90,2128173,2128262
Feature245,NZ_AP026112.1,100.0,100.0,81,1,81,2047051,2047131
Feature246,NZ_AP026112.1,100.0,100.0,100,1,100,2119415,2119316
Feature247,NZ_AP026112.1,100.0,100.0,92,1,92,924766,924675
Feature248,NZ_AP026112.1,100.0,100.0,92,1,92,2117983,2117892
Feature249,NZ_AP026112.1,100.0,100.0,100,1,100,2846869,2846770
Feature253,NZ_AP026112.1,100.0,100.0,98,1,98,1693546,1693643
Feature253,NZ_AP026112.1,100.0,100.0,98,1,98,2128502,2128405
Feature255,NZ_AP026112.1,100.0,100.0,100,1,100,2116419,2116518
Feature255,NZ_AP026112.1,100.0,100.0,100,1,100,2610004,2610103
Feature256,NZ_AP026112.1,100.0,100.0,91,1,91,2883459,2883549
Feature257,NZ_AP026112.1,100.0,100.0,99,1,99,2296883,2296785
Feature261,NZ_AP026112.1,100.0,100.0,94,1,94,349418,349325
Feature265,NZ_AP026112.1,100.0,100.0,100,1,100,3176315,3176216
Feature266,NZ_AP026112.1,100.0,100.0,100,1,100,924728,924827
Feature266,NZ_AP026112.1,100.0,100.0,100,1,100,1574771,1574870
Feature268,NZ_AP026112.1,100.0,100.0,87,1,87,2041171,2041085
Feature271,NZ_AP026112.1,100.0,100.0,100,1,100,1205029,1204930
Feature271,NZ_AP026112.1,100.0,100.0,100,1,100,2592661,2592760
Feature271,NZ_AP026112.1,100.0,100.0,100,1,100,2848832,2848931
Feature272,NZ_AP026112.1,100.0,100.0,84,1,84,924767,924684
Feature273,NZ_AP026112.1,100.0,100.0,84,1,84,924674,924757
Feature274,NZ_AP026112.1,100.0,100.0,85,1,85,906002,906086
Feature275,NZ_AP026112.1,100.0,100.0,100,1,100,2883602,2883701
Feature278,NZ_AP026112.1,100.0,100.0,90,1,90,3175090,3175001
Feature282,NZ_AP026112.1,100.0,100.0,88,1,88,3489252,3489339
Feature288,NZ_AP026112.1,100.0,100.0,92,1,92,1517193,1517284
Feature289,NZ_AP026112.1,100.0,100.0,100,1,100,2100604,2100703
Feature291,NZ_AP026112.1,100.0,100.0,97,1,97,1190534,1190438
Feature295,NZ_AP026112.1,100.0,100.0,100,1,100,3489420,3489321
Feature298,NZ_AP026112.1,100.0,100.0,88,1,88,3176291,3176204
Feature299,NZ_AP026112.1,100.0,100.0,97,1,97,1175951,1175855
Feature300,NZ_AP026112.1,100.0,100.0,100,1,100,1730298,1730199
Feature300,NZ_AP026112.1,100.0,100.0,100,1,100,2844232,2844331
Feature301,NZ_AP026112.1,100.0,100.0,100,1,100,1204711,1204810
Feature301,NZ_AP026112.1,100.0,100.0,100,1,100,1517259,1517358
Feature301,NZ_AP026112.1,100.0,100.0,100,1,100,2592979,2592880
Feature301,NZ_AP026112.1,100.0,100.0,100,1,100,2849150,2849051
Feature302,NZ_AP026112.1,100.0,100.0,98,1,98,1210951,1210854
Feature304,NZ_AP026112.1,100.0,100.0,90,1,90,1203645,1203734
Feature304,NZ_AP026112.1,100.0,100.0,90,1,90,2850216,2850127
Feature305,NZ_AP026112.1,100.0,100.0,100,1,100,1693551,1693650
Feature305,NZ_AP026112.1,100.0,100.0,100,1,100,2128497,2128398
Feature307,NZ_AP026112.1,100.0,100.0,92,1,92,2612956,2612865
Feature308,NZ_AP026112.1,100.0,100.0,100,1,100,1732938,1732839
Feature309,NZ_AP026112.1,100.0,100.0,100,1,100,2122003,2121904
Feature310,NZ_AP026112.1,100.0,100.0,100,1,100,1205010,1204911
Feature310,NZ_AP026112.1,100.0,100.0,100,1,100,2592680,2592779
Feature310,NZ_AP026112.1,100.0,100.0,100,1,100,2848851,2848950
Feature312,NZ_AP026112.1,100.0,100.0,89,1,89,2881934,2882022
Feature313,NZ_AP026112.1,100.0,100.0,98,1,98,2883452,2883549
Feature318,NZ_AP026112.1,100.0,100.0,94,1,94,2128169,2128262
Feature320,NZ_AP026112.1,100.0,100.0,91,1,91,2047041,2047131
Feature321,NZ_AP026112.1,100.0,100.0,100,1,100,2119309,2119408
Feature323,NZ_AP026112.1,100.0,100.0,100,1,100,3176248,3176347
Feature328,NZ_AP026112.1,100.0,100.0,100,1,100,3175082,3174983
Feature331,NZ_AP026112.1,100.0,100.0,91,1,91,2863931,2863841
Feature332,NZ_AP026112.1,100.0,100.0,100,1,100,1487767,1487668
Feature333,NZ_AP026112.1,100.0,100.0,92,1,92,3175080,3174989
Feature335,NZ_AP026112.1,100.0,100.0,100,1,100,2100614,2100713
Feature337,NZ_AP026112.1,100.0,100.0,100,1,100,2100073,2099974
Feature338,NZ_AP026112.1,100.0,100.0,100,1,100,1729705,1729804
Feature338,NZ_AP026112.1,100.0,100.0,100,1,100,2844825,2844726
Feature339,NZ_AP026112.1,100.0,100.0,84,1,84,5091753,5091836
Feature340,NZ_AP026112.1,100.0,100.0,100,1,100,3155147,3155048
Feature342,NZ_AP026112.1,100.0,100.0,93,1,93,924674,924766
Feature346,NZ_AP026112.1,100.0,100.0,100,1,100,2883353,2883452
Feature347,NZ_AP026112.1,100.0,100.0,85,1,85,924771,924687
Feature347,NZ_AP026112.1,100.0,100.0,85,1,85,1574814,1574730
Feature348,NZ_AP026112.1,100.0,100.0,97,1,97,1608830,1608926
Feature352,NZ_AP026112.1,100.0,100.0,92,1,92,2128169,2128260
Feature353,NZ_AP026112.1,100.0,100.0,94,1,94,1693613,1693520
Feature353,NZ_AP026112.1,100.0,100.0,94,1,94,2128435,2128528
Feature354,NZ_AP026112.1,100.0,100.0,100,1,100,4443631,4443532
Feature358,NZ_AP026112.1,100.0,100.0,100,1,100,1212848,1212749
Feature358,NZ_AP026112.1,100.0,100.0,100,1,100,2041324,2041423
Feature358,NZ_AP026112.1,100.0,100.0,100,1,100,5093939,5093840
Feature364,NZ_AP026112.1,100.0,100.0,82,1,82,924765,924684
Feature369,NZ_AP026112.1,100.0,100.0,100,1,100,2100633,2100732
Feature370,NZ_AP026112.1,100.0,100.0,95,1,95,1204699,1204793
Feature370,NZ_AP026112.1,100.0,100.0,95,1,95,1517247,1517341
Feature370,NZ_AP026112.1,100.0,100.0,95,1,95,2592991,2592897
Feature370,NZ_AP026112.1,100.0,100.0,95,1,95,2849162,2849068
Feature371,NZ_AP026112.1,100.0,100.0,100,1,100,2116420,2116519
Feature371,NZ_AP026112.1,100.0,100.0,100,1,100,2610005,2610104
Feature376,NZ_AP026112.1,100.0,100.0,87,1,87,2883463,2883549
Feature379,NZ_AP026112.1,100.0,100.0,92,1,92,1491792,1491883
Feature381,NZ_AP026112.1,100.0,100.0,87,1,87,2127183,2127097
Feature382,NZ_AP026112.1,100.0,100.0,100,1,100,3175081,3174982
Feature383,NZ_AP026112.1,100.0,100.0,94,1,94,2041086,2041179
Feature384,NZ_AP026112.1,100.0,100.0,87,1,87,2883461,2883547
Feature386,NZ_AP026112.1,100.0,100.0,82,1,82,924766,924685
Feature387,NZ_AP026112.1,100.0,100.0,100,1,100,1491891,1491792
Feature391,NZ_AP026112.1,100.0,100.0,100,1,100,3176317,3176416
Feature394,NZ_AP026112.1,100.0,100.0,96,1,96,2098309,2098404
Feature395,NZ_AP026112.1,100.0,100.0,81,1,81,1516948,1516868
Feature396,NZ_AP026112.1,100.0,100.0,96,1,96,1519854,1519949
Feature398,NZ_AP026112.1,100.0,100.0,91,1,91,2817454,2817544
Feature398,NZ_AP026112.1,100.0,100.0,91,1,91,3035157,3035067
Feature399,NZ_AP026112.1,100.0,100.0,98,1,98,2129433,2129336
Feature400,NZ_AP026112.1,100.0,100.0,100,1,100,2129105,2129006
Feature403,NZ_AP026112.1,100.0,100.0,89,1,89,905998,906086
Feature405,NZ_AP026112.1,100.0,100.0,100,1,100,1517232,1517331
Feature405,NZ_AP026112.1,100.0,100.0,100,1,100,2593006,2592907
Feature405,NZ_AP026112.1,100.0,100.0,100,1,100,2849177,2849078
Feature408,NZ_AP026112.1,100.0,100.0,93,1,93,1608926,1608834
Feature409,NZ_AP026112.1,100.0,100.0,87,1,87,2842130,2842044
Feature413,NZ_AP026112.1,100.0,100.0,100,1,100,3176667,3176568
Feature416,NZ_AP026112.1,100.0,100.0,88,1,88,2846446,2846533
Feature417,NZ_AP026112.1,100.0,100.0,100,1,100,2085846,2085945
Feature419,NZ_AP026112.1,100.0,100.0,93,1,93,2612956,2612864
Feature422,NZ_AP026112.1,100.0,100.0,100,1,100,1496396,1496495
Feature423,NZ_AP026112.1,100.0,100.0,91,1,91,1491793,1491883
Feature425,NZ_AP026112.1,100.0,100.0,89,1,89,3881836,3881748
Feature429,NZ_AP026112.1,100.0,100.0,100,1,100,1491831,1491732
Feature432,NZ_AP026112.1,100.0,100.0,100,1,100,415425,415326
Feature437,NZ_AP026112.1,100.0,100.0,100,1,100,2085842,2085941
Feature439,NZ_AP026112.1,100.0,100.0,100,1,100,2041085,2041184
Feature444,NZ_AP026112.1,100.0,100.0,100,1,100,1517334,1517235
Feature444,NZ_AP026112.1,100.0,100.0,100,1,100,2592904,2593003
Feature444,NZ_AP026112.1,100.0,100.0,100,1,100,2849075,2849174
Feature452,NZ_AP026112.1,100.0,100.0,92,1,92,2609874,2609965
Feature453,NZ_AP026112.1,100.0,100.0,100,1,100,3176669,3176570
Feature455,NZ_AP026112.1,100.0,100.0,100,1,100,1204701,1204800
Feature455,NZ_AP026112.1,100.0,100.0,100,1,100,1517249,1517348
Feature455,NZ_AP026112.1,100.0,100.0,100,1,100,2592989,2592890
Feature455,NZ_AP026112.1,100.0,100.0,100,1,100,2849160,2849061
Feature457,NZ_AP026112.1,100.0,100.0,100,1,100,2883325,2883424
Feature458,NZ_AP026112.1,100.0,100.0,99,1,99,1693647,1693549
Feature458,NZ_AP026112.1,100.0,100.0,99,1,99,2128401,2128499
Feature459,NZ_AP026112.1,100.0,100.0,100,1,100,5156484,5156583
Feature460,NZ_AP026112.1,100.0,100.0,100,1,100,1213310,1213409
Feature460,NZ_AP026112.1,100.0,100.0,100,1,100,1213451,1213550
Feature460,NZ_AP026112.1,100.0,100.0,100,1,100,1213592,1213691
Feature460,NZ_AP026112.1,100.0,100.0,100,1,100,2584846,2584747
Feature460,NZ_AP026112.1,100.0,100.0,100,1,100,2584987,2584888
Feature462,NZ_AP026112.1,100.0,100.0,100,1,100,1204713,1204812
Feature462,NZ_AP026112.1,100.0,100.0,100,1,100,1517261,1517360
Feature462,NZ_AP026112.1,100.0,100.0,100,1,100,2592977,2592878
Feature462,NZ_AP026112.1,100.0,100.0,100,1,100,2849148,2849049
Feature464,NZ_AP026112.1,100.0,100.0,100,1,100,2116426,2116525
Feature464,NZ_AP026112.1,100.0,100.0,100,1,100,2610011,2610110
Feature465,NZ_AP026112.1,100.0,100.0,83,1,83,1515832,1515914
Feature465,NZ_AP026112.1,100.0,100.0,83,1,83,2050983,2050901
Feature466,NZ_AP026112.1,100.0,100.0,100,1,100,3176407,3176308
Feature467,NZ_AP026112.1,100.0,100.0,100,1,100,1204898,1204997
Feature467,NZ_AP026112.1,100.0,100.0,100,1,100,2592792,2592693
Feature467,NZ_AP026112.1,100.0,100.0,100,1,100,2848963,2848864
Feature468,NZ_AP026112.1,100.0,100.0,100,1,100,1729706,1729805
Feature468,NZ_AP026112.1,100.0,100.0,100,1,100,2844824,2844725
Feature469,NZ_AP026112.1,100.0,100.0,86,1,86,2041171,2041086
Feature470,NZ_AP026112.1,100.0,100.0,92,1,92,1205030,1204939
Feature470,NZ_AP026112.1,100.0,100.0,92,1,92,2592660,2592751
Feature470,NZ_AP026112.1,100.0,100.0,92,1,92,2848831,2848922
Feature471,NZ_AP026112.1,100.0,100.0,100,1,100,2296814,2296913
Feature472,NZ_AP026112.1,100.0,100.0,94,1,94,2611806,2611713
Feature473,NZ_AP026112.1,100.0,100.0,84,1,84,1693632,1693549
Feature473,NZ_AP026112.1,100.0,100.0,84,1,84,2128416,2128499
Feature474,NZ_AP026112.1,100.0,100.0,89,1,89,2041179,2041091
Feature476,NZ_AP026112.1,100.0,100.0,100,1,100,252280,252379
Feature477,NZ_AP026112.1,100.0,100.0,92,1,92,924782,924691
Feature477,NZ_AP026112.1,100.0,100.0,92,1,92,1574825,1574734
Feature478,NZ_AP026112.1,100.0,100.0,100,1,100,2612956,2612857
Feature483,NZ_AP026112.1,100.0,100.0,87,1,87,1693614,1693528
Feature483,NZ_AP026112.1,100.0,100.0,87,1,87,2128434,2128520
Feature484,NZ_AP026112.1,100.0,100.0,100,1,100,2883438,2883339
Feature485,NZ_AP026112.1,100.0,100.0,100,1,100,252268,252367
Feature489,NZ_AP026112.1,100.0,100.0,100,1,100,1693524,1693623
Feature489,NZ_AP026112.1,100.0,100.0,100,1,100,2128524,2128425
Feature490,NZ_AP026112.1,100.0,100.0,100,1,100,1205198,1205297
Feature490,NZ_AP026112.1,100.0,100.0,100,1,100,2592492,2592393
Feature490,NZ_AP026112.1,100.0,100.0,100,1,100,2848663,2848564
Feature494,NZ_AP026112.1,100.0,100.0,84,1,84,1204782,1204699
Feature494,NZ_AP026112.1,100.0,100.0,84,1,84,1517330,1517247
Feature494,NZ_AP026112.1,100.0,100.0,84,1,84,2592908,2592991
Feature494,NZ_AP026112.1,100.0,100.0,84,1,84,2849079,2849162
Feature497,NZ_AP026112.1,100.0,100.0,100,1,100,1517336,1517237
Feature497,NZ_AP026112.1,100.0,100.0,100,1,100,2592902,2593001
Feature497,NZ_AP026112.1,100.0,100.0,100,1,100,2849073,2849172
Feature503,NZ_AP026112.1,100.0,100.0,92,1,92,2612955,2612864
Feature504,NZ_AP026112.1,100.0,100.0,100,1,100,3176390,3176291
Feature507,NZ_AP026112.1,100.0,100.0,94,1,94,2098311,2098404
Feature508,NZ_AP026112.1,100.0,100.0,100,1,100,2094330,2094231
Feature511,NZ_AP026112.1,100.0,100.0,100,1,100,1188280,1188181
Feature512,NZ_AP026112.1,100.0,100.0,100,1,100,2116514,2116415
Feature512,NZ_AP026112.1,100.0,100.0,100,1,100,2610099,2610000
Feature513,NZ_AP026112.1,100.0,100.0,100,1,100,3176435,3176336
Feature515,NZ_AP026112.1,100.0,100.0,91,1,91,2612955,2612865
Feature518,NZ_AP026112.1,100.0,100.0,83,1,83,1210936,1210854
Feature520,NZ_AP026112.1,100.0,100.0,80,1,80,3176261,3176340
Feature526,NZ_AP026112.1,100.0,100.0,100,1,100,1213400,1213301
Feature526,NZ_AP026112.1,100.0,100.0,100,1,100,1213541,1213442
Feature526,NZ_AP026112.1,100.0,100.0,100,1,100,1213682,1213583
Feature526,NZ_AP026112.1,100.0,100.0,100,1,100,2584756,2584855
Feature526,NZ_AP026112.1,100.0,100.0,100,1,100,2584897,2584996
Feature527,NZ_AP026112.1,100.0,100.0,100,1,100,3175080,3174981
Feature529,NZ_AP026112.1,100.0,100.0,100,1,100,1729781,1729682
Feature529,NZ_AP026112.1,100.0,100.0,100,1,100,2844749,2844848
Feature530,NZ_AP026112.1,100.0,100.0,100,1,100,1732889,1732790
Feature532,NZ_AP026112.1,100.0,100.0,97,1,97,2612853,2612949
Feature533,NZ_AP026112.1,100.0,100.0,100,1,100,2100643,2100742
Feature534,NZ_AP026112.1,100.0,100.0,100,1,100,2612855,2612954
Feature536,NZ_AP026112.1,100.0,100.0,94,1,94,924784,924691
Feature536,NZ_AP026112.1,100.0,100.0,94,1,94,1574827,1574734
Feature537,NZ_AP026112.1,100.0,100.0,86,1,86,906244,906329
Feature538,NZ_AP026112.1,100.0,100.0,100,1,100,1491853,1491754
Feature539,NZ_AP026112.1,100.0,100.0,100,1,100,2085844,2085943
Feature540,NZ_AP026112.1,100.0,100.0,96,1,96,2612956,2612861
Feature541,NZ_AP026112.1,100.0,100.0,100,1,100,4592639,4592540
Feature545,NZ_AP026112.1,100.0,100.0,100,1,100,1517246,1517345
Feature545,NZ_AP026112.1,100.0,100.0,100,1,100,2592992,2592893
Feature545,NZ_AP026112.1,100.0,100.0,100,1,100,2849163,2849064
Feature548,NZ_AP026112.1,100.0,100.0,84,1,84,2041171,2041088
Feature549,NZ_AP026112.1,100.0,100.0,100,1,100,1491846,1491747
Feature550,NZ_AP026112.1,100.0,100.0,95,1,95,1519949,1519855
Feature552,NZ_AP026112.1,100.0,100.0,100,1,100,3176372,3176273
Feature553,NZ_AP026112.1,100.0,100.0,86,1,86,924766,924681
Feature555,NZ_AP026112.1,100.0,100.0,95,1,95,3176408,3176314
Feature556,NZ_AP026112.1,100.0,100.0,92,1,92,906337,906246
Feature558,NZ_AP026112.1,100.0,100.0,95,1,95,1205177,1205271
Feature558,NZ_AP026112.1,100.0,100.0,95,1,95,2592513,2592419
Feature558,NZ_AP026112.1,100.0,100.0,95,1,95,2848684,2848590
Feature560,NZ_AP026112.1,100.0,100.0,88,1,88,2296783,2296696
Feature561,NZ_AP026112.1,100.0,100.0,91,1,91,2127187,2127097
Feature564,NZ_AP026112.1,100.0,100.0,100,1,100,3175083,3174984
Feature565,NZ_AP026112.1,100.0,100.0,100,1,100,2296791,2296890
Feature567,NZ_AP026112.1,100.0,100.0,100,1,100,1213396,1213297
Feature567,NZ_AP026112.1,100.0,100.0,100,1,100,1213537,1213438
Feature567,NZ_AP026112.1,100.0,100.0,100,1,100,1213678,1213579
Feature567,NZ_AP026112.1,100.0,100.0,100,1,100,2584760,2584859
Feature567,NZ_AP026112.1,100.0,100.0,100,1,100,2584901,2585000
Feature569,NZ_AP026112.1,100.0,100.0,100,1,100,2585248,2585347
Feature573,NZ_AP026112.1,100.0,100.0,89,1,89,2041086,2041174
Feature574,NZ_AP026112.1,100.0,100.0,95,1,95,2128267,2128173
Feature577,NZ_AP026112.1,100.0,100.0,100,1,100,3176415,3176316
Feature579,NZ_AP026112.1,100.0,100.0,84,1,84,2092773,2092690
Feature581,NZ_AP026112.1,100.0,100.0,100,1,100,1495772,1495673
Feature590,NZ_AP026112.1,100.0,100.0,80,1,80,3510864,3510943
Feature592,NZ_AP026112.1,100.0,100.0,100,1,100,1516946,1516847
Feature599,NZ_AP026112.1,100.0,100.0,100,1,100,1491760,1491859
Feature601,NZ_AP026112.1,100.0,100.0,100,1,100,1729822,1729723
Feature601,NZ_AP026112.1,100.0,100.0,100,1,100,2844708,2844807
Feature605,NZ_AP026112.1,100.0,100.0,100,1,100,1732901,1732802
Feature607,NZ_AP026112.1,100.0,100.0,100,1,100,3176333,3176432
Feature611,NZ_AP026112.1,100.0,100.0,100,1,100,3176327,3176426
Feature614,NZ_AP026112.1,100.0,100.0,100,1,100,1517344,1517245
Feature614,NZ_AP026112.1,100.0,100.0,100,1,100,2592894,2592993
Feature614,NZ_AP026112.1,100.0,100.0,100,1,100,2849065,2849164
Feature617,NZ_AP026112.1,100.0,100.0,95,1,95,2085942,2085848
Feature620,NZ_AP026112.1,100.0,100.0,100,1,100,1729782,1729683
Feature620,NZ_AP026112.1,100.0,100.0,100,1,100,2844748,2844847
Feature621,NZ_AP026112.1,100.0,100.0,100,1,100,924795,924696
Feature621,NZ_AP026112.1,100.0,100.0,100,1,100,1574838,1574739
Feature625,NZ_AP026112.1,100.0,100.0,100,1,100,1213408,1213309
Feature625,NZ_AP026112.1,100.0,100.0,100,1,100,1213549,1213450
Feature625,NZ_AP026112.1,100.0,100.0,100,1,100,1213690,1213591
Feature625,NZ_AP026112.1,100.0,100.0,100,1,100,2584748,2584847
Feature625,NZ_AP026112.1,100.0,100.0,100,1,100,2584889,2584988
Feature630,NZ_AP026112.1,100.0,100.0,100,1,100,2041193,2041094
Feature636,NZ_AP026112.1,100.0,100.0,100,1,100,1517328,1517229
Feature636,NZ_AP026112.1,100.0,100.0,100,1,100,2592910,2593009
Feature636,NZ_AP026112.1,100.0,100.0,100,1,100,2849081,2849180
Feature638,NZ_AP026112.1,100.0,100.0,83,1,83,924691,924773
Feature638,NZ_AP026112.1,100.0,100.0,83,1,83,1574734,1574816
Feature640,NZ_AP026112.1,100.0,100.0,100,1,100,2589347,2589446
Feature640,NZ_AP026112.1,100.0,100.0,100,1,100,2845517,2845616
Feature642,NZ_AP026112.1,100.0,100.0,100,1,100,1517236,1517335
Feature642,NZ_AP026112.1,100.0,100.0,100,1,100,2593002,2592903
Feature642,NZ_AP026112.1,100.0,100.0,100,1,100,2849173,2849074
Feature644,NZ_AP026112.1,100.0,100.0,100,1,100,1517319,1517220
Feature644,NZ_AP026112.1,100.0,100.0,100,1,100,2592919,2593018
Feature644,NZ_AP026112.1,100.0,100.0,100,1,100,2849090,2849189
Feature645,NZ_AP026112.1,100.0,100.0,87,1,87,2296815,2296901
Feature646,NZ_AP026112.1,100.0,100.0,87,1,87,3175001,3175087
Feature648,NZ_AP026112.1,100.0,100.0,85,1,85,2612861,2612945
Feature649,NZ_AP026112.1,100.0,100.0,100,1,100,2612854,2612953
Feature651,NZ_AP026112.1,100.0,100.0,95,1,95,2296883,2296789
Feature653,NZ_AP026112.1,100.0,100.0,100,1,100,2295894,2295993
Feature654,NZ_AP026112.1,100.0,100.0,100,1,100,4443535,4443634
Feature655,NZ_AP026112.1,100.0,100.0,100,1,100,1205178,1205277
Feature655,NZ_AP026112.1,100.0,100.0,100,1,100,2592512,2592413
Feature655,NZ_AP026112.1,100.0,100.0,100,1,100,2848683,2848584
Feature664,NZ_AP026112.1,100.0,100.0,98,1,98,924687,924784
Feature664,NZ_AP026112.1,100.0,100.0,98,1,98,1574730,1574827
Feature665,NZ_AP026112.1,100.0,100.0,98,1,98,2085940,2085843
Feature667,NZ_AP026112.1,100.0,100.0,86,1,86,3175087,3175002
Feature668,NZ_AP026112.1,100.0,100.0,100,1,100,1729689,1729788
Feature668,NZ_AP026112.1,100.0,100.0,100,1,100,2844841,2844742
Feature670,NZ_AP026112.1,100.0,100.0,100,1,100,2085940,2085841
Feature674,NZ_AP026112.1,100.0,100.0,100,1,100,1213277,1213376
Feature674,NZ_AP026112.1,100.0,100.0,100,1,100,2585020,2584921
Feature676,NZ_AP026112.1,100.0,100.0,95,1,95,2098315,2098409
Feature679,NZ_AP026112.1,100.0,100.0,89,1,89,2612952,2612864
Feature680,NZ_AP026112.1,100.0,100.0,100,1,100,924788,924689
Feature680,NZ_AP026112.1,100.0,100.0,100,1,100,1574831,1574732
Feature681,NZ_AP026112.1,100.0,100.0,89,1,89,1680975,1680887
Feature684,NZ_AP026112.1,100.0,100.0,100,1,100,3176422,3176323
Feature685,NZ_AP026112.1,100.0,100.0,100,1,100,1517321,1517222
Feature685,NZ_AP026112.1,100.0,100.0,100,1,100,2592917,2593016
Feature685,NZ_AP026112.1,100.0,100.0,100,1,100,2849088,2849187
Feature689,NZ_AP026112.1,100.0,100.0,98,1,98,2612950,2612853
Feature693,NZ_AP026112.1,100.0,100.0,88,1,88,1210942,1210855
Feature696,NZ_AP026112.1,100.0,100.0,97,1,97,2098308,2098404
Feature699,NZ_AP026112.1,100.0,100.0,82,1,82,1204704,1204785
Feature699,NZ_AP026112.1,100.0,100.0,82,1,82,1517252,1517333
Feature699,NZ_AP026112.1,100.0,100.0,82,1,82,2592986,2592905
Feature699,NZ_AP026112.1,100.0,100.0,82,1,82,2849157,2849076
Feature703,NZ_AP026112.1,100.0,100.0,100,1,100,1205293,1205194
Feature703,NZ_AP026112.1,100.0,100.0,100,1,100,2592397,2592496
Feature703,NZ_AP026112.1,100.0,100.0,100,1,100,2848568,2848667
Feature707,NZ_AP026112.1,100.0,100.0,80,1,80,2094290,2094211
Feature709,NZ_AP026112.1,100.0,100.0,100,1,100,1517333,1517234
Feature709,NZ_AP026112.1,100.0,100.0,100,1,100,2592905,2593004
Feature709,NZ_AP026112.1,100.0,100.0,100,1,100,2849076,2849175
Feature713,NZ_AP026112.1,100.0,100.0,97,1,97,2296885,2296789
Feature718,NZ_AP026112.1,100.0,100.0,100,1,100,1517230,1517329
Feature718,NZ_AP026112.1,100.0,100.0,100,1,100,2593008,2592909
Feature718,NZ_AP026112.1,100.0,100.0,100,1,100,2849179,2849080
Feature719,NZ_AP026112.1,100.0,100.0,89,1,89,2612949,2612861
Feature730,NZ_AP026112.1,100.0,100.0,100,1,100,3175069,3174970
Feature731,NZ_AP026112.1,100.0,100.0,95,1,95,2612955,2612861
Feature734,NZ_AP026112.1,100.0,100.0,100,1,100,1210947,1210848
Feature735,NZ_AP026112.1,100.0,100.0,82,1,82,3175080,3174999
Feature738,NZ_AP026112.1,100.0,100.0,84,1,84,3175085,3175002
Feature748,NZ_AP026112.1,100.0,100.0,100,1,100,2098309,2098408
Feature749,NZ_AP026112.1,100.0,100.0,100,1,100,228701,228602
Feature749,NZ_AP026112.1,100.0,100.0,100,1,100,4844356,4844257
Feature756,NZ_AP026112.1,100.0,100.0,82,1,82,1204699,1204780
Feature756,NZ_AP026112.1,100.0,100.0,82,1,82,1517247,1517328
Feature756,NZ_AP026112.1,100.0,100.0,82,1,82,2592991,2592910
Feature756,NZ_AP026112.1,100.0,100.0,82,1,82,2849162,2849081
Feature757,NZ_AP026112.1,100.0,100.0,100,1,100,2296808,2296907
Feature761,NZ_AP026112.1,100.0,100.0,100,1,100,3176382,3176283
Feature763,NZ_AP026112.1,100.0,100.0,81,1,81,3510864,3510944
Feature764,NZ_AP026112.1,100.0,100.0,89,1,89,1210942,1210854
Feature770,NZ_AP026112.1,100.0,100.0,92,1,92,2846445,2846536
Feature771,NZ_AP026112.1,100.0,100.0,90,1,90,2296807,2296896
Feature772,NZ_AP026112.1,100.0,100.0,93,1,93,2096966,2096874
Feature774,NZ_AP026112.1,100.0,100.0,100,1,100,1213296,1213395
Feature774,NZ_AP026112.1,100.0,100.0,100,1,100,1213437,1213536
Feature774,NZ_AP026112.1,100.0,100.0,100,1,100,1213578,1213677
Feature774,NZ_AP026112.1,100.0,100.0,100,1,100,2584860,2584761
Feature774,NZ_AP026112.1,100.0,100.0,100,1,100,2585001,2584902
Feature775,NZ_AP026112.1,100.0,100.0,90,1,90,1210939,1210850
Feature776,NZ_AP026112.1,100.0,100.0,100,1,100,2869198,2869297
Feature780,NZ_AP026112.1,100.0,100.0,100,1,100,1517233,1517332
Feature780,NZ_AP026112.1,100.0,100.0,100,1,100,2593005,2592906
Feature780,NZ_AP026112.1,100.0,100.0,100,1,100,2849176,2849077
Feature786,NZ_AP026112.1,100.0,100.0,100,1,100,3176356,3176257
Feature787,NZ_AP026112.1,100.0,100.0,100,1,100,5338738,5338837
Feature790,NZ_AP026112.1,100.0,100.0,96,1,96,2296902,2296807
Feature796,NZ_AP026112.1,100.0,100.0,100,1,100,1213274,1213373
Feature796,NZ_AP026112.1,100.0,100.0,100,1,100,2585023,2584924
Feature798,NZ_AP026112.1,100.0,100.0,99,1,99,2611806,2611708
Feature803,NZ_AP026112.1,100.0,100.0,96,1,96,1326384,1326479
Feature805,NZ_AP026112.1,100.0,100.0,100,1,100,1517219,1517318
Feature805,NZ_AP026112.1,100.0,100.0,100,1,100,2593019,2592920
Feature805,NZ_AP026112.1,100.0,100.0,100,1,100,2849190,2849091
Feature807,NZ_AP026112.1,100.0,100.0,81,1,81,2096950,2096870
Feature809,NZ_AP026112.1,100.0,100.0,100,1,100,3176417,3176318
Feature813,NZ_AP026112.1,100.0,100.0,95,1,95,2296901,2296807
Feature819,NZ_AP026112.1,100.0,100.0,100,1,100,2296906,2296807
Feature823,NZ_AP026112.1,100.0,100.0,100,1,100,2612958,2612859
Feature827,NZ_AP026112.1,100.0,100.0,83,1,83,2817535,2817453
Feature828,NZ_AP026112.1,100.0,100.0,100,1,100,3176644,3176545
Feature836,NZ_AP026112.1,100.0,100.0,100,1,100,1326383,1326482
Feature837,NZ_AP026112.1,100.0,100.0,100,1,100,2085938,2085839
Feature845,NZ_AP026112.1,100.0,100.0,100,1,100,4592574,4592673
Feature846,NZ_AP026112.1,100.0,100.0,100,1,100,252270,252369
Feature848,NZ_AP026112.1,100.0,100.0,100,1,100,252353,252254
Feature849,NZ_AP026112.1,100.0,100.0,100,1,100,252389,252290
Feature854,NZ_AP026112.1,100.0,100.0,100,1,100,1729690,1729789
Feature854,NZ_AP026112.1,100.0,100.0,100,1,100,2844840,2844741
Feature858,NZ_AP026112.1,100.0,100.0,100,1,100,4592537,4592636
Feature866,NZ_AP026112.1,100.0,100.0,100,1,100,4443635,4443536
Feature868,NZ_AP026112.1,100.0,100.0,100,1,100,2080464,2080563
Feature872,NZ_AP026112.1,100.0,100.0,100,1,100,4592643,4592544
Feature873,NZ_AP026112.1,100.0,100.0,100,1,100,4443636,4443537
Feature874,NZ_AP026112.1,100.0,100.0,100,1,100,4592524,4592623
Feature875,NZ_AP026112.1,100.0,100.0,100,1,100,252272,252371
Feature877,NZ_AP026112.1,100.0,100.0,100,1,100,4592568,4592667
Feature882,NZ_AP026112.1,100.0,100.0,100,1,100,4592586,4592685
Feature883,NZ_AP026112.1,100.0,100.0,100,1,100,2589345,2589444
Feature883,NZ_AP026112.1,100.0,100.0,100,1,100,2845515,2845614
Feature884,NZ_AP026112.1,100.0,100.0,100,1,100,252250,252349
Feature886,NZ_AP026112.1,100.0,100.0,100,1,100,3176370,3176271
Feature887,NZ_AP026112.1,100.0,100.0,100,1,100,4592631,4592532
Feature889,NZ_AP026112.1,100.0,100.0,100,1,100,2589346,2589445
Feature889,NZ_AP026112.1,100.0,100.0,100,1,100,2845516,2845615
Feature906,NZ_AP026112.1,100.0,100.0,100,1,100,252230,252329
Feature911,NZ_AP026112.1,100.0,100.0,100,1,100,2610953,2610854
Feature963,NZ_AP026112.1,100.0,100.0,100,1,100,3176368,3176269
Feature965,NZ_AP026112.1,100.0,100.0,90,1,90,2612950,2612861
Feature968,NZ_AP026112.1,100.0,100.0,100,1,100,4443632,4443533
Feature973,NZ_AP026112.1,100.0,100.0,100,1,100,4443629,4443530
Feature991,NZ_AP026112.1,100.0,100.0,100,1,100,4443628,4443529
Feature992,NZ_AP026112.1,100.0,100.0,100,1,100,1517242,1517341
Feature992,NZ_AP026112.1,100.0,100.0,100,1,100,2592996,2592897
Feature992,NZ_AP026112.1,100.0,100.0,100,1,100,2849167,2849068
Feature995,NZ_AP026112.1,100.0,100.0,100,1,100,1517221,1517320
Feature995,NZ_AP026112.1,100.0,100.0,100,1,100,2593017,2592918
Feature995,NZ_AP026112.1,100.0,100.0,100,1,100,2849188,2849089
Feature998,NZ_AP026112.1,100.0,100.0,100,1,100,3176261,3176360
Feature1018,NZ_AP026112.1,100.0,100.0,100,1,100,1517324,1517225
Feature1018,NZ_AP026112.1,100.0,100.0,100,1,100,2592914,2593013
Feature1018,NZ_AP026112.1,100.0,100.0,100,1,100,2849085,2849184
Feature1023,NZ_AP026112.1,100.0,100.0,100,1,100,2041090,2041189
Feature1025,NZ_AP026112.1,100.0,100.0,95,1,95,1326385,1326479
Feature1036,NZ_AP026112.1,100.0,100.0,100,1,100,4443702,4443603
Feature1037,NZ_AP026112.1,100.0,100.0,100,1,100,4443708,4443609
Feature1040,NZ_AP026112.1,100.0,100.0,100,1,100,4443602,4443701
Feature1041,NZ_AP026112.1,100.0,100.0,100,1,100,1213393,1213294
Feature1041,NZ_AP026112.1,100.0,100.0,100,1,100,1213534,1213435
Feature1041,NZ_AP026112.1,100.0,100.0,100,1,100,1213675,1213576
Feature1041,NZ_AP026112.1,100.0,100.0,100,1,100,2584763,2584862
Feature1041,NZ_AP026112.1,100.0,100.0,100,1,100,2584904,2585003
Feature1045,NZ_AP026112.1,100.0,100.0,100,1,100,2612862,2612961
Feature1046,NZ_AP026112.1,100.0,100.0,100,1,100,2612960,2612861
Feature1047,NZ_AP026112.1,100.0,100.0,100,1,100,2296908,2296809
Feature1048,NZ_AP026112.1,100.0,100.0,100,1,100,2612962,2612863
Feature1050,NZ_AP026112.1,100.0,100.0,100,1,100,2041194,2041095
Feature1052,NZ_AP026112.1,100.0,100.0,100,1,100,4443704,4443605
Feature1053,NZ_AP026112.1,100.0,100.0,93,1,93,2067324,2067232
Feature1053,NZ_AP026112.1,100.0,100.0,93,1,93,2608830,2608738
Feature1054,NZ_AP026112.1,100.0,100.0,100,1,100,4443606,4443705
Feature1055,NZ_AP026112.1,100.0,100.0,100,1,100,4443706,4443607
Feature1056,NZ_AP026112.1,100.0,100.0,100,1,100,4443700,4443601
Feature1063,NZ_AP026112.1,100.0,100.0,100,1,100,3176373,3176274
Feature1071,NZ_AP026112.1,100.0,100.0,100,1,100,1729802,1729703
Feature1071,NZ_AP026112.1,100.0,100.0,100,1,100,2844728,2844827
Feature1087,NZ_AP026112.1,100.0,100.0,91,1,91,2041086,2041176
Feature1088,NZ_AP026112.1,100.0,100.0,100,1,100,1517337,1517238
Feature1088,NZ_AP026112.1,100.0,100.0,100,1,100,2592901,2593000
Feature1088,NZ_AP026112.1,100.0,100.0,100,1,100,2849072,2849171
Feature1090,NZ_AP026112.1,100.0,100.0,100,1,100,3176379,3176280
Feature1091,NZ_AP026112.1,100.0,100.0,100,1,100,3176265,3176364
Feature1093,NZ_AP026112.1,100.0,100.0,100,1,100,3176330,3176429
Feature1099,NZ_AP026112.1,100.0,100.0,100,1,100,1517241,1517340
Feature1099,NZ_AP026112.1,100.0,100.0,100,1,100,2592997,2592898
Feature1099,NZ_AP026112.1,100.0,100.0,100,1,100,2849168,2849069
Feature1101,NZ_AP026112.1,100.0,100.0,100,1,100,1517239,1517338
Feature1101,NZ_AP026112.1,100.0,100.0,100,1,100,2592999,2592900
Feature1101,NZ_AP026112.1,100.0,100.0,100,1,100,2849170,2849071
Feature1105,NZ_AP026112.1,100.0,100.0,100,1,100,1517240,1517339
Feature1105,NZ_AP026112.1,100.0,100.0,100,1,100,2592998,2592899
Feature1105,NZ_AP026112.1,100.0,100.0,100,1,100,2849169,2849070
Feature1109,NZ_AP026112.1,100.0,100.0,100,1,100,3176423,3176324
Feature1111,NZ_AP026112.1,100.0,100.0,100,1,100,1326481,1326382
Feature1112,NZ_AP026112.1,100.0,100.0,81,1,81,3176569,3176649
Feature1113,NZ_AP026112.1,100.0,100.0,100,1,100,4443703,4443604
Feature1125,NZ_AP026112.1,100.0,100.0,100,1,100,2296812,2296911
Feature1127,NZ_AP026112.1,100.0,100.0,83,1,83,3175084,3175002
Feature1135,NZ_AP026112.1,100.0,100.0,100,1,100,3176363,3176264
Feature1144,NZ_AP026112.1,100.0,100.0,100,1,100,1517231,1517330
Feature1144,NZ_AP026112.1,100.0,100.0,100,1,100,2593007,2592908
Feature1144,NZ_AP026112.1,100.0,100.0,100,1,100,2849178,2849079
Feature1148,NZ_AP026112.1,100.0,100.0,100,1,100,4443633,4443534
Feature1163,NZ_AP026112.1,100.0,100.0,100,1,100,4592523,4592622
Feature1167,NZ_AP026112.1,100.0,100.0,100,1,100,3176399,3176300
Feature1168,NZ_AP026112.1,100.0,100.0,100,1,100,3176293,3176392
Feature1169,NZ_AP026112.1,100.0,100.0,100,1,100,3176405,3176306
Feature1171,NZ_AP026112.1,100.0,100.0,100,1,100,3176394,3176295
Feature1172,NZ_AP026112.1,100.0,100.0,100,1,100,3176398,3176299
Feature1176,NZ_AP026112.1,100.0,100.0,100,1,100,3176402,3176303
Feature1177,NZ_AP026112.1,100.0,100.0,93,1,93,1210942,1210850
Feature1178,NZ_AP026112.1,100.0,100.0,100,1,100,3176395,3176296
Feature1180,NZ_AP026112.1,100.0,100.0,100,1,100,3176298,3176397
Feature1181,NZ_AP026112.1,100.0,100.0,100,1,100,924687,924786
Feature1181,NZ_AP026112.1,100.0,100.0,100,1,100,1574730,1574829
Feature1182,NZ_AP026112.1,100.0,100.0,100,1,100,3176400,3176301
Feature1183,NZ_AP026112.1,100.0,100.0,100,1,100,3176305,3176404
Feature1184,NZ_AP026112.1,100.0,100.0,100,1,100,3176304,3176403
Feature1185,NZ_AP026112.1,100.0,100.0,100,1,100,3176393,3176294
Feature1186,NZ_AP026112.1,100.0,100.0,100,1,100,2126007,2126106
Feature1188,NZ_AP026112.1,100.0,100.0,93,1,93,1210847,1210939
Feature1189,NZ_AP026112.1,100.0,100.0,100,1,100,3176658,3176559
Feature1191,NZ_AP026112.1,100.0,100.0,100,1,100,3176551,3176650
Feature1206,NZ_AP026112.1,100.0,100.0,91,1,91,2612951,2612861
Feature1208,NZ_AP026112.1,100.0,100.0,98,1,98,2612958,2612861
Feature1209,NZ_AP026112.1,100.0,100.0,92,1,92,2612952,2612861
Feature1235,NZ_AP026112.1,100.0,100.0,81,1,81,3175079,3174999
Feature1238,NZ_AP026112.1,100.0,100.0,95,1,95,1210944,1210850
Feature1240,NZ_AP026112.1,100.0,100.0,100,1,100,2085840,2085939
Feature1251,NZ_AP026112.1,100.0,100.0,85,1,85,2817537,2817453
Feature1265,NZ_AP026112.1,100.0,100.0,100,1,100,3176656,3176557
Feature1266,NZ_AP026112.1,100.0,100.0,100,1,100,3176655,3176556
Feature1267,NZ_AP026112.1,100.0,100.0,100,1,100,3176659,3176560
Feature1268,NZ_AP026112.1,100.0,100.0,100,1,100,2612955,2612856
Feature1269,NZ_AP026112.1,100.0,100.0,100,1,100,3176654,3176555
Feature1270,NZ_AP026112.1,100.0,100.0,100,1,100,3176552,3176651
Feature1271,NZ_AP026112.1,100.0,100.0,100,1,100,3176652,3176553
Feature1294,NZ_AP026112.1,100.0,100.0,87,1,87,1210853,1210939
Feature1295,NZ_AP026112.1,100.0,100.0,100,1,100,3176550,3176649
Feature1298,NZ_AP026112.1,100.0,100.0,100,1,100,2612957,2612858
Feature1301,NZ_AP026112.1,100.0,100.0,99,1,99,2072458,2072556
Feature1302,NZ_AP026112.1,100.0,100.0,96,1,96,1210847,1210942
Feature1303,NZ_AP026112.1,100.0,100.0,100,1,100,3176648,3176549
Feature1304,NZ_AP026112.1,100.0,100.0,82,1,82,2296815,2296896
Feature1306,NZ_AP026112.1,100.0,100.0,86,1,86,1210939,1210854
Feature1316,NZ_AP026112.1,100.0,100.0,100,1,100,924693,924792
Feature1316,NZ_AP026112.1,100.0,100.0,100,1,100,1574736,1574835
Feature1317,NZ_AP026112.1,100.0,100.0,100,1,100,924691,924790
Feature1317,NZ_AP026112.1,100.0,100.0,100,1,100,1574734,1574833
Feature1331,NZ_AP026112.1,100.0,100.0,100,1,100,1693634,1693535
Feature1331,NZ_AP026112.1,100.0,100.0,100,1,100,2128414,2128513
Feature1332,NZ_AP026112.1,100.0,100.0,100,1,100,924794,924695
Feature1332,NZ_AP026112.1,100.0,100.0,100,1,100,1574837,1574738
Feature1333,NZ_AP026112.1,100.0,100.0,100,1,100,924690,924789
Feature1333,NZ_AP026112.1,100.0,100.0,100,1,100,1574733,1574832
Feature1342,NZ_AP026112.1,100.0,100.0,100,1,100,3176532,3176631
Feature1344,NZ_AP026112.1,100.0,100.0,84,1,84,3176566,3176649
Feature1348,NZ_AP026112.1,100.0,100.0,100,1,100,1213305,1213404
Feature1348,NZ_AP026112.1,100.0,100.0,100,1,100,1213446,1213545
Feature1348,NZ_AP026112.1,100.0,100.0,100,1,100,1213587,1213686
Feature1348,NZ_AP026112.1,100.0,100.0,100,1,100,2584851,2584752
Feature1348,NZ_AP026112.1,100.0,100.0,100,1,100,2584992,2584893
Feature1349,NZ_AP026112.1,100.0,100.0,100,1,100,1213308,1213407
Feature1349,NZ_AP026112.1,100.0,100.0,100,1,100,1213449,1213548
Feature1349,NZ_AP026112.1,100.0,100.0,100,1,100,1213590,1213689
Feature1349,NZ_AP026112.1,100.0,100.0,100,1,100,2584848,2584749
Feature1349,NZ_AP026112.1,100.0,100.0,100,1,100,2584989,2584890
Feature1358,NZ_AP026112.1,100.0,100.0,100,1,100,1491839,1491740
Feature1359,NZ_AP026112.1,100.0,100.0,100,1,100,2612853,2612952
Feature1385,NZ_AP026112.1,100.0,100.0,100,1,100,3176526,3176625
Feature1388,NZ_AP026112.1,100.0,100.0,100,1,100,3176519,3176618
Feature1389,NZ_AP026112.1,100.0,100.0,100,1,100,1213275,1213374
Feature1389,NZ_AP026112.1,100.0,100.0,100,1,100,2585022,2584923
Feature1390,NZ_AP026112.1,100.0,100.0,81,1,81,1493777,1493697
Feature1391,NZ_AP026112.1,100.0,100.0,100,1,100,924797,924698
Feature1391,NZ_AP026112.1,100.0,100.0,100,1,100,1574840,1574741
Feature1393,NZ_AP026112.1,100.0,100.0,100,1,100,3176622,3176523
Feature1394,NZ_AP026112.1,100.0,100.0,100,1,100,3176614,3176515
Feature1400,NZ_AP026112.1,100.0,100.0,100,1,100,3176518,3176617
Feature1401,NZ_AP026112.1,100.0,100.0,100,1,100,3176522,3176621
Feature1402,NZ_AP026112.1,100.0,100.0,100,1,100,3176516,3176615
Feature1415,NZ_AP026112.1,100.0,100.0,100,1,100,4592638,4592539
Feature1419,NZ_AP026112.1,100.0,100.0,97,1,97,1210853,1210949
Feature1420,NZ_AP026112.1,100.0,100.0,80,1,80,2067311,2067232
Feature1420,NZ_AP026112.1,100.0,100.0,80,1,80,2608817,2608738
Feature1421,NZ_AP026112.1,100.0,100.0,99,1,99,1326381,1326479
Feature1424,NZ_AP026112.1,100.0,100.0,100,1,100,4592600,4592501
Feature1425,NZ_AP026112.1,100.0,100.0,100,1,100,4592492,4592591
Feature1426,NZ_AP026112.1,100.0,100.0,100,1,100,4592516,4592615
Feature1455,NZ_AP026112.1,100.0,100.0,100,1,100,1210847,1210946
Feature1461,NZ_AP026112.1,100.0,100.0,97,1,97,1210847,1210943
Feature1483,NZ_AP026112.1,100.0,100.0,100,1,100,2098404,2098305
Feature1486,NZ_AP026112.1,100.0,100.0,99,1,99,2098306,2098404
Feature1487,NZ_AP026112.1,100.0,100.0,100,1,100,1732798,1732897
Feature1498,NZ_AP026112.1,100.0,100.0,100,1,100,1729707,1729806
Feature1498,NZ_AP026112.1,100.0,100.0,100,1,100,2844823,2844724
Feature1502,NZ_AP026112.1,100.0,100.0,99,1,99,2098409,2098311
Feature1505,NZ_AP026112.1,100.0,100.0,100,1,100,4592649,4592550
Feature1506,NZ_AP026112.1,100.0,100.0,100,1,100,4592607,4592508
Feature1507,NZ_AP026112.1,100.0,100.0,100,1,100,4592493,4592592
Feature1509,NZ_AP026112.1,100.0,100.0,100,1,100,4592609,4592510
Feature1510,NZ_AP026112.1,100.0,100.0,100,1,100,4592644,4592545
Feature1513,NZ_AP026112.1,100.0,100.0,100,1,100,4592590,4592491
Feature1514,NZ_AP026112.1,100.0,100.0,100,1,100,4592681,4592582
Feature1521,NZ_AP026112.1,100.0,100.0,100,1,100,4592596,4592497
Feature1525,NZ_AP026112.1,100.0,100.0,100,1,100,252266,252365
Feature1526,NZ_AP026112.1,100.0,100.0,100,1,100,252380,252281
Feature1527,NZ_AP026112.1,100.0,100.0,100,1,100,252334,252235
Feature1528,NZ_AP026112.1,100.0,100.0,100,1,100,252332,252233
Feature1531,NZ_AP026112.1,100.0,100.0,100,1,100,4592642,4592543
Feature1540,NZ_AP026112.1,100.0,100.0,100,1,100,3176453,3176354
Feature1542,NZ_AP026112.1,100.0,100.0,100,1,100,2296888,2296789
Feature1544,NZ_AP026112.1,100.0,100.0,100,1,100,3175075,3174976
Feature1545,NZ_AP026112.1,100.0,100.0,100,1,100,3175071,3174972
Feature1549,NZ_AP026112.1,100.0,100.0,82,1,82,2067221,2067302
Feature1549,NZ_AP026112.1,100.0,100.0,82,1,82,2608727,2608808
Feature1552,NZ_AP026112.1,100.0,100.0,100,1,100,3174980,3175079
Feature1553,NZ_AP026112.1,100.0,100.0,100,1,100,3175076,3174977
Feature1554,NZ_AP026112.1,100.0,100.0,100,1,100,3175078,3174979
Feature1555,NZ_AP026112.1,100.0,100.0,100,1,100,2296788,2296887
Feature1561,NZ_AP026112.1,100.0,100.0,100,1,100,3175072,3174973
Feature1562,NZ_AP026112.1,100.0,100.0,100,1,100,1394987,1394888
Feature1562,NZ_AP026112.1,100.0,100.0,100,1,100,2661835,2661736
Feature1566,NZ_AP026112.1,100.0,100.0,100,1,100,2296884,2296785
Feature1570,NZ_AP026112.1,100.0,100.0,100,1,100,1210844,1210943
Feature1592,NZ_AP026112.1,100.0,100.0,100,1,100,3175073,3174974
Feature1594,NZ_AP026112.1,100.0,100.0,86,1,86,2817538,2817453
Feature1595,NZ_AP026112.1,100.0,100.0,100,1,100,3175074,3174975
Feature1596,NZ_AP026112.1,100.0,100.0,100,1,100,2116512,2116413
Feature1596,NZ_AP026112.1,100.0,100.0,100,1,100,2610097,2609998
Feature1597,NZ_AP026112.1,100.0,100.0,91,1,91,3175079,3174989
Feature1602,NZ_AP026112.1,100.0,100.0,100,1,100,2612860,2612959
Feature1604,NZ_AP026112.1,100.0,100.0,100,1,100,3176357,3176456
Feature1627,NZ_AP026112.1,100.0,100.0,100,1,100,3176447,3176348
Feature1632,NZ_AP026112.1,100.0,100.0,100,1,100,3176341,3176440
Feature1633,NZ_AP026112.1,100.0,100.0,100,1,100,3176442,3176343
Feature1634,NZ_AP026112.1,100.0,100.0,82,1,82,1213407,1213326
Feature1634,NZ_AP026112.1,100.0,100.0,82,1,82,1213548,1213467
Feature1634,NZ_AP026112.1,100.0,100.0,82,1,82,1213689,1213608
Feature1634,NZ_AP026112.1,100.0,100.0,82,1,82,2584749,2584830
Feature1634,NZ_AP026112.1,100.0,100.0,82,1,82,2584890,2584971
Feature1637,NZ_AP026112.1,100.0,100.0,92,1,92,1519945,1519854
Feature1638,NZ_AP026112.1,100.0,100.0,83,1,83,1210937,1210855
Feature1642,NZ_AP026112.1,100.0,100.0,92,1,92,2092717,2092808
Feature1651,NZ_AP026112.1,100.0,100.0,100,1,100,227292,227193
