	mean_fit_time	std_fit_time	mean_score_time	std_score_time	param_model__n_estimators	param_model__max_features	param_model__max_depth	params	split0_test_accuracy	split1_test_accuracy	split2_test_accuracy	split3_test_accuracy	split4_test_accuracy	split5_test_accuracy	split6_test_accuracy	split7_test_accuracy	split8_test_accuracy	split9_test_accuracy	mean_test_accuracy	std_test_accuracy	rank_test_accuracy	split0_test_balanced_accuracy	split1_test_balanced_accuracy	split2_test_balanced_accuracy	split3_test_balanced_accuracy	split4_test_balanced_accuracy	split5_test_balanced_accuracy	split6_test_balanced_accuracy	split7_test_balanced_accuracy	split8_test_balanced_accuracy	split9_test_balanced_accuracy	mean_test_balanced_accuracy	std_test_balanced_accuracy	rank_test_balanced_accuracy
0	1.4666595220565797	0.0459076873100603	0.07197339534759521	0.011828355490394593	555	log2	460	{'model__n_estimators': 555, 'model__max_features': 'log2', 'model__max_depth': 460}	0.7682926829268293	0.7682926829268293	0.7560975609756098	0.7804878048780488	0.7530864197530864	0.7037037037037037	0.6666666666666666	0.6904761904761905	0.7283950617283951	0.7407407407407407	0.73562395147761	0.035724126167539935	42	0.6064068100358423	0.5098566308243727	0.5138888888888888	0.5244175627240143	0.5021734156943491	0.46855791962174936	0.4432624113475177	0.4656572306341891	0.4806680393502631	0.49385342789598113	0.5008742337017168	0.04243165225489807	55
1	4.796074652671814	0.12271802439299155	0.1148224115371704	0.0087643342626832	1000	sqrt	260	{'model__n_estimators': 1000, 'model__max_features': 'sqrt', 'model__max_depth': 260}	0.7804878048780488	0.7804878048780488	0.7560975609756098	0.7804878048780488	0.7654320987654321	0.691358024691358	0.6790123456790124	0.6904761904761905	0.7037037037037037	0.7530864197530864	0.7380629758678539	0.03976557365568583	1	0.6209677419354839	0.5206093189964157	0.5097222222222223	0.5244175627240143	0.6169450163959429	0.4614657210401891	0.4463356973995272	0.4656572306341891	0.4628231525966598	0.5049645390070922	0.5133908202951736	0.058806982780552	10
2	2.255787205696106	0.14020655675303234	0.058489751815795896	0.007215597435404908	466	sqrt	420	{'model__n_estimators': 466, 'model__max_features': 'sqrt', 'model__max_depth': 420}	0.7560975609756098	0.7560975609756098	0.7682926829268293	0.7682926829268293	0.7530864197530864	0.6790123456790124	0.6790123456790124	0.6904761904761905	0.7283950617283951	0.7530864197530864	0.7331849270873662	0.03467497886109928	66	0.5994623655913978	0.5029121863799283	0.5166666666666666	0.5136648745519713	0.6098528178143826	0.450354609929078	0.4463356973995272	0.4656572306341891	0.4806680393502631	0.5049645390070922	0.5090539027324497	0.05341907795389102	49
3	4.5857901096344	0.1453202547923322	0.1138824462890625	0.011279470616726212	1000	sqrt	140	{'model__n_estimators': 1000, 'model__max_features': 'sqrt', 'model__max_depth': 140}	0.7804878048780488	0.7804878048780488	0.7560975609756098	0.7804878048780488	0.7654320987654321	0.691358024691358	0.6790123456790124	0.6904761904761905	0.7037037037037037	0.7530864197530864	0.7380629758678539	0.03976557365568583	1	0.6209677419354839	0.5206093189964157	0.5097222222222223	0.5244175627240143	0.6169450163959429	0.4614657210401891	0.4463356973995272	0.4656572306341891	0.4628231525966598	0.5049645390070922	0.5133908202951736	0.058806982780552	10
4	0.7598809957504272	0.0332514426878041	0.041370701789855954	0.0033360010556673435	288	log2	100	{'model__n_estimators': 288, 'model__max_features': 'log2', 'model__max_depth': 100}	0.7560975609756098	0.7682926829268293	0.7560975609756098	0.7804878048780488	0.7654320987654321	0.691358024691358	0.691358024691358	0.6904761904761905	0.7160493827160493	0.7407407407407407	0.7356390071837225	0.03342675912001847	30	0.4952956989247312	0.5098566308243727	0.5097222222222223	0.5244175627240143	0.5129261038663921	0.4614657210401891	0.4574468085106383	0.4656572306341891	0.4699153511782201	0.49385342789598113	0.4900556757820951	0.02325116755293518	97
5	2.5767369270324707	0.050057450653335625	0.11597890853881836	0.0032024529268894274	1000	log2	220	{'model__n_estimators': 1000, 'model__max_features': 'log2', 'model__max_depth': 220}	0.7682926829268293	0.7560975609756098	0.7439024390243902	0.7804878048780488	0.7654320987654321	0.6790123456790124	0.6790123456790124	0.6904761904761905	0.7283950617283951	0.7407407407407407	0.733184927087366	0.03594893206807265	72	0.6064068100358423	0.49910394265232977	0.5027777777777778	0.5244175627240143	0.5129261038663921	0.450354609929078	0.450354609929078	0.4656572306341891	0.4806680393502631	0.49385342789598113	0.49865201147949456	0.04312344995438422	69
6	1.2057677268981934	0.018296288515338904	0.06068077087402344	0.0027250427807923435	466	log2	340	{'model__n_estimators': 466, 'model__max_features': 'log2', 'model__max_depth': 340}	0.7682926829268293	0.7560975609756098	0.7439024390243902	0.7804878048780488	0.7407407407407407	0.7037037037037037	0.6790123456790124	0.6904761904761905	0.7283950617283951	0.7407407407407407	0.733184927087366	0.0314244194263499	72	0.6064068100358423	0.49910394265232977	0.5027777777777778	0.5244175627240143	0.4950812171127888	0.46855791962174936	0.450354609929078	0.4656572306341891	0.4806680393502631	0.49385342789598113	0.49868785377340136	0.0412047603319596	60
7	1.2378177165985107	0.03047515716380777	0.062132763862609866	0.0030365177397811594	466	log2	260	{'model__n_estimators': 466, 'model__max_features': 'log2', 'model__max_depth': 260}	0.7682926829268293	0.7560975609756098	0.7439024390243902	0.7804878048780488	0.7407407407407407	0.7037037037037037	0.6790123456790124	0.6904761904761905	0.7283950617283951	0.7407407407407407	0.733184927087366	0.0314244194263499	72	0.6064068100358423	0.49910394265232977	0.5027777777777778	0.5244175627240143	0.4950812171127888	0.46855791962174936	0.450354609929078	0.4656572306341891	0.4806680393502631	0.49385342789598113	0.49868785377340136	0.0412047603319596	60
8	3.8665323734283445	0.10077462907404543	0.09845895767211914	0.0036153882086183793	822	sqrt	380	{'model__n_estimators': 822, 'model__max_features': 'sqrt', 'model__max_depth': 380}	0.7804878048780488	0.7682926829268293	0.7682926829268293	0.7804878048780488	0.7654320987654321	0.6790123456790124	0.6790123456790124	0.7023809523809523	0.7037037037037037	0.7530864197530864	0.7380188841570955	0.03978677689831882	6	0.6209677419354839	0.5098566308243727	0.5166666666666666	0.5244175627240143	0.6169450163959429	0.450354609929078	0.4463356973995272	0.4764099188062321	0.4628231525966598	0.5049645390070922	0.512974153628507	0.05908042978300425	15
9	1.010643482208252	0.02983481397502143	0.05167610645294189	0.0009585161622789099	377	log2	460	{'model__n_estimators': 377, 'model__max_features': 'log2', 'model__max_depth': 460}	0.7682926829268293	0.7560975609756098	0.7439024390243902	0.7804878048780488	0.7530864197530864	0.7037037037037037	0.6666666666666666	0.6904761904761905	0.7283950617283951	0.7407407407407407	0.733184927087366	0.034211008237323336	72	0.6064068100358423	0.49910394265232977	0.5027777777777778	0.5244175627240143	0.5058339052848319	0.46855791962174936	0.4392434988179669	0.4656572306341891	0.4806680393502631	0.49385342789598113	0.49865201147949456	0.04267774243466633	69
10	1.7019921779632567	0.04059299850627049	0.08126177787780761	0.0016425893408584333	644	log2	140	{'model__n_estimators': 644, 'model__max_features': 'log2', 'model__max_depth': 140}	0.7682926829268293	0.7560975609756098	0.7439024390243902	0.7804878048780488	0.7530864197530864	0.691358024691358	0.6790123456790124	0.6904761904761905	0.7283950617283951	0.7407407407407407	0.733184927087366	0.03330805861205147	72	0.6064068100358423	0.49910394265232977	0.5027777777777778	0.5244175627240143	0.5021734156943491	0.4614657210401891	0.450354609929078	0.4656572306341891	0.4806680393502631	0.49385342789598113	0.49868785377340136	0.04177934691599593	60
11	0.7707849979400635	0.023842674138688534	0.04332599639892578	0.001543371877814622	288	log2	500	{'model__n_estimators': 288, 'model__max_features': 'log2', 'model__max_depth': 500}	0.7560975609756098	0.7682926829268293	0.7560975609756098	0.7804878048780488	0.7654320987654321	0.691358024691358	0.691358024691358	0.6904761904761905	0.7160493827160493	0.7407407407407407	0.7356390071837225	0.03342675912001847	30	0.4952956989247312	0.5098566308243727	0.5097222222222223	0.5244175627240143	0.5129261038663921	0.4614657210401891	0.4574468085106383	0.4656572306341891	0.4699153511782201	0.49385342789598113	0.4900556757820951	0.02325116755293518	97
12	2.759925889968872	0.11359740677163463	0.08410301208496093	0.01593482860387395	555	sqrt	180	{'model__n_estimators': 555, 'model__max_features': 'sqrt', 'model__max_depth': 180}	0.7804878048780488	0.7560975609756098	0.7682926829268293	0.7682926829268293	0.7530864197530864	0.6790123456790124	0.6790123456790124	0.6904761904761905	0.7160493827160493	0.7530864197530864	0.7343893835763754	0.03740627215075771	59	0.6209677419354839	0.5029121863799283	0.5166666666666666	0.5136648745519713	0.6098528178143826	0.450354609929078	0.4463356973995272	0.4656572306341891	0.4699153511782201	0.5049645390070922	0.5101291715496539	0.05796680350907928	42
13	0.6299151182174683	0.060033370290713664	0.03843424320220947	0.0033112820256416035	200	log2	340	{'model__n_estimators': 200, 'model__max_features': 'log2', 'model__max_depth': 340}	0.7804878048780488	0.7439024390243902	0.7560975609756098	0.7804878048780488	0.7654320987654321	0.691358024691358	0.691358024691358	0.6904761904761905	0.7160493827160493	0.7407407407407407	0.7356390071837225	0.03430505247087933	30	0.5129928315412187	0.49215949820788535	0.5097222222222223	0.5244175627240143	0.5202470830473577	0.4574468085106383	0.4574468085106383	0.4656572306341891	0.4699153511782201	0.49385342789598113	0.4903858824472366	0.02480019835768801	89
14	1.368980598449707	0.08857019699646067	0.07328436374664307	0.015599435116534409	466	log2	140	{'model__n_estimators': 466, 'model__max_features': 'log2', 'model__max_depth': 140}	0.7682926829268293	0.7560975609756098	0.7439024390243902	0.7804878048780488	0.7407407407407407	0.7037037037037037	0.6790123456790124	0.6904761904761905	0.7283950617283951	0.7407407407407407	0.733184927087366	0.0314244194263499	72	0.6064068100358423	0.49910394265232977	0.5027777777777778	0.5244175627240143	0.4950812171127888	0.46855791962174936	0.450354609929078	0.4656572306341891	0.4806680393502631	0.49385342789598113	0.49868785377340136	0.0412047603319596	60
15	0.5535464286804199	0.01489513218296455	0.03438105583190918	0.0024349469464297006	200	log2	140	{'model__n_estimators': 200, 'model__max_features': 'log2', 'model__max_depth': 140}	0.7804878048780488	0.7439024390243902	0.7560975609756098	0.7804878048780488	0.7654320987654321	0.691358024691358	0.691358024691358	0.6904761904761905	0.7160493827160493	0.7407407407407407	0.7356390071837225	0.03430505247087933	30	0.5129928315412187	0.49215949820788535	0.5097222222222223	0.5244175627240143	0.5202470830473577	0.4574468085106383	0.4574468085106383	0.4656572306341891	0.4699153511782201	0.49385342789598113	0.4903858824472366	0.02480019835768801	89
16	1.0611513137817383	0.07392853199442458	0.05513687133789062	0.004159466204339852	377	log2	260	{'model__n_estimators': 377, 'model__max_features': 'log2', 'model__max_depth': 260}	0.7682926829268293	0.7560975609756098	0.7439024390243902	0.7804878048780488	0.7530864197530864	0.7037037037037037	0.6666666666666666	0.6904761904761905	0.7283950617283951	0.7407407407407407	0.733184927087366	0.034211008237323336	72	0.6064068100358423	0.49910394265232977	0.5027777777777778	0.5244175627240143	0.5058339052848319	0.46855791962174936	0.4392434988179669	0.4656572306341891	0.4806680393502631	0.49385342789598113	0.49865201147949456	0.04267774243466633	69
17	2.2896090030670164	0.08510904131400272	0.10394837856292724	0.004474113706402272	822	log2	420	{'model__n_estimators': 822, 'model__max_features': 'log2', 'model__max_depth': 420}	0.7682926829268293	0.7560975609756098	0.7439024390243902	0.7804878048780488	0.7530864197530864	0.691358024691358	0.6790123456790124	0.6904761904761905	0.7283950617283951	0.7407407407407407	0.733184927087366	0.03330805861205147	72	0.6064068100358423	0.49910394265232977	0.5027777777777778	0.5244175627240143	0.5021734156943491	0.4574468085106383	0.450354609929078	0.4656572306341891	0.4806680393502631	0.49385342789598113	0.49828596252044627	0.04215312535344891	77
18	1.5651575088500977	0.04479093606853547	0.0758598804473877	0.011125257673564322	555	log2	140	{'model__n_estimators': 555, 'model__max_features': 'log2', 'model__max_depth': 140}	0.7682926829268293	0.7682926829268293	0.7560975609756098	0.7804878048780488	0.7530864197530864	0.7037037037037037	0.6666666666666666	0.6904761904761905	0.7283950617283951	0.7407407407407407	0.73562395147761	0.035724126167539935	42	0.6064068100358423	0.5098566308243727	0.5138888888888888	0.5244175627240143	0.5021734156943491	0.46855791962174936	0.4432624113475177	0.4656572306341891	0.4806680393502631	0.49385342789598113	0.5008742337017168	0.04243165225489807	55
19	3.6654529571533203	0.1604272966757202	0.09200677871704102	0.006774619198318717	733	sqrt	220	{'model__n_estimators': 733, 'model__max_features': 'sqrt', 'model__max_depth': 220}	0.7804878048780488	0.7682926829268293	0.7682926829268293	0.7804878048780488	0.7654320987654321	0.6790123456790124	0.6790123456790124	0.6904761904761905	0.7037037037037037	0.7530864197530864	0.7368284079666194	0.04099505990374986	18	0.6209677419354839	0.5098566308243727	0.5166666666666666	0.5244175627240143	0.6169450163959429	0.450354609929078	0.4463356973995272	0.4656572306341891	0.4628231525966598	0.5049645390070922	0.5118988848113027	0.05982922173709448	24
20	0.5958349466323852	0.06470717289263077	0.03457343578338623	0.002357563161067576	200	log2	180	{'model__n_estimators': 200, 'model__max_features': 'log2', 'model__max_depth': 180}	0.7804878048780488	0.7439024390243902	0.7560975609756098	0.7804878048780488	0.7654320987654321	0.691358024691358	0.691358024691358	0.6904761904761905	0.7160493827160493	0.7407407407407407	0.7356390071837225	0.03430505247087933	30	0.5129928315412187	0.49215949820788535	0.5097222222222223	0.5244175627240143	0.5202470830473577	0.4574468085106383	0.4574468085106383	0.4656572306341891	0.4699153511782201	0.49385342789598113	0.4903858824472366	0.02480019835768801	89
21	1.6961817741394043	0.054713534390820405	0.08199796676635743	0.004034510367493957	644	log2	380	{'model__n_estimators': 644, 'model__max_features': 'log2', 'model__max_depth': 380}	0.7682926829268293	0.7560975609756098	0.7439024390243902	0.7804878048780488	0.7530864197530864	0.691358024691358	0.6790123456790124	0.6904761904761905	0.7283950617283951	0.7407407407407407	0.733184927087366	0.03330805861205147	72	0.6064068100358423	0.49910394265232977	0.5027777777777778	0.5244175627240143	0.5021734156943491	0.4614657210401891	0.450354609929078	0.4656572306341891	0.4806680393502631	0.49385342789598113	0.49868785377340136	0.04177934691599593	60
22	1.2363474369049072	0.02108519859367317	0.0629204273223877	0.002303532629710573	466	log2	300	{'model__n_estimators': 466, 'model__max_features': 'log2', 'model__max_depth': 300}	0.7682926829268293	0.7560975609756098	0.7439024390243902	0.7804878048780488	0.7407407407407407	0.7037037037037037	0.6790123456790124	0.6904761904761905	0.7283950617283951	0.7407407407407407	0.733184927087366	0.0314244194263499	72	0.6064068100358423	0.49910394265232977	0.5027777777777778	0.5244175627240143	0.4950812171127888	0.46855791962174936	0.450354609929078	0.4656572306341891	0.4806680393502631	0.49385342789598113	0.49868785377340136	0.0412047603319596	60
23	4.290408802032471	0.1072067877816552	0.11885745525360107	0.026812765513939567	911	sqrt	460	{'model__n_estimators': 911, 'model__max_features': 'sqrt', 'model__max_depth': 460}	0.7682926829268293	0.7682926829268293	0.7560975609756098	0.7804878048780488	0.7654320987654321	0.6790123456790124	0.6790123456790124	0.7023809523809523	0.7037037037037037	0.7530864197530864	0.7355798597668517	0.03780690028038478	54	0.6102150537634409	0.5098566308243727	0.5097222222222223	0.5244175627240143	0.6169450163959429	0.450354609929078	0.4463356973995272	0.4764099188062321	0.4628231525966598	0.5049645390070922	0.5112044403668583	0.05715222736878237	37
24	1.3482781410217286	0.04423885106592218	0.04132580757141113	0.002002741506959884	288	sqrt	340	{'model__n_estimators': 288, 'model__max_features': 'sqrt', 'model__max_depth': 340}	0.7560975609756098	0.7560975609756098	0.7682926829268293	0.7804878048780488	0.7530864197530864	0.6666666666666666	0.6790123456790124	0.6904761904761905	0.7654320987654321	0.7530864197530864	0.7368735750849572	0.0392421148014493	15	0.5994623655913978	0.5029121863799283	0.5166666666666666	0.5244175627240143	0.6098528178143826	0.4392434988179669	0.4463356973995272	0.4656572306341891	0.6096240372149775	0.5049645390070922	0.5219136602250144	0.06150894770921379	3
25	2.5569509506225585	0.05316736007893297	0.0749746322631836	0.013344655076686597	555	sqrt	140	{'model__n_estimators': 555, 'model__max_features': 'sqrt', 'model__max_depth': 140}	0.7804878048780488	0.7560975609756098	0.7682926829268293	0.7682926829268293	0.7530864197530864	0.6790123456790124	0.6790123456790124	0.6904761904761905	0.7160493827160493	0.7530864197530864	0.7343893835763754	0.03740627215075771	59	0.6209677419354839	0.5029121863799283	0.5166666666666666	0.5136648745519713	0.6098528178143826	0.450354609929078	0.4463356973995272	0.4656572306341891	0.4699153511782201	0.5049645390070922	0.5101291715496539	0.05796680350907928	42
26	4.169363474845886	0.07376165405236645	0.10946841239929199	0.01451250733177368	911	sqrt	140	{'model__n_estimators': 911, 'model__max_features': 'sqrt', 'model__max_depth': 140}	0.7682926829268293	0.7682926829268293	0.7560975609756098	0.7804878048780488	0.7654320987654321	0.6790123456790124	0.6790123456790124	0.7023809523809523	0.7037037037037037	0.7530864197530864	0.7355798597668517	0.03780690028038478	54	0.6102150537634409	0.5098566308243727	0.5097222222222223	0.5244175627240143	0.6169450163959429	0.450354609929078	0.4463356973995272	0.4764099188062321	0.4628231525966598	0.5049645390070922	0.5112044403668583	0.05715222736878237	37
27	4.632786607742309	0.09838031006655655	0.11970529556274415	0.011490911344033494	1000	sqrt	420	{'model__n_estimators': 1000, 'model__max_features': 'sqrt', 'model__max_depth': 420}	0.7804878048780488	0.7804878048780488	0.7560975609756098	0.7804878048780488	0.7654320987654321	0.691358024691358	0.6790123456790124	0.6904761904761905	0.7037037037037037	0.7530864197530864	0.7380629758678539	0.03976557365568583	1	0.6209677419354839	0.5206093189964157	0.5097222222222223	0.5244175627240143	0.6169450163959429	0.4614657210401891	0.4463356973995272	0.4656572306341891	0.4628231525966598	0.5049645390070922	0.5133908202951736	0.058806982780552	10
28	1.3701057195663453	0.039853289443788166	0.0430126428604126	0.005721910712959869	288	sqrt	380	{'model__n_estimators': 288, 'model__max_features': 'sqrt', 'model__max_depth': 380}	0.7560975609756098	0.7560975609756098	0.7682926829268293	0.7804878048780488	0.7530864197530864	0.6666666666666666	0.6790123456790124	0.6904761904761905	0.7654320987654321	0.7530864197530864	0.7368735750849572	0.0392421148014493	15	0.5994623655913978	0.5029121863799283	0.5166666666666666	0.5244175627240143	0.6098528178143826	0.4392434988179669	0.4463356973995272	0.4656572306341891	0.6096240372149775	0.5049645390070922	0.5219136602250144	0.06150894770921379	3
29	2.5485149383544923	0.04602819189895323	0.06952805519104004	0.005665468262956403	555	sqrt	220	{'model__n_estimators': 555, 'model__max_features': 'sqrt', 'model__max_depth': 220}	0.7804878048780488	0.7560975609756098	0.7682926829268293	0.7682926829268293	0.7530864197530864	0.6790123456790124	0.6790123456790124	0.6904761904761905	0.7160493827160493	0.7530864197530864	0.7343893835763754	0.03740627215075771	59	0.6209677419354839	0.5029121863799283	0.5166666666666666	0.5136648745519713	0.6098528178143826	0.450354609929078	0.4463356973995272	0.4656572306341891	0.4699153511782201	0.5049645390070922	0.5101291715496539	0.05796680350907928	42
30	2.9099761247634888	0.07548724636152711	0.07699306011199951	0.002948715181865509	644	sqrt	100	{'model__n_estimators': 644, 'model__max_features': 'sqrt', 'model__max_depth': 100}	0.7804878048780488	0.7560975609756098	0.7560975609756098	0.7804878048780488	0.7654320987654321	0.6790123456790124	0.6790123456790124	0.6904761904761905	0.7160493827160493	0.7530864197530864	0.73562395147761	0.03858570122009422	42	0.6209677419354839	0.5029121863799283	0.5097222222222223	0.5244175627240143	0.6169450163959429	0.450354609929078	0.4463356973995272	0.4656572306341891	0.4699153511782201	0.5049645390070922	0.5112192157805698	0.059332557592120826	30
31	2.339525294303894	0.03692191342060135	0.10561521053314209	0.004125399128618211	911	log2	100	{'model__n_estimators': 911, 'model__max_features': 'log2', 'model__max_depth': 100}	0.7682926829268293	0.7560975609756098	0.7439024390243902	0.7804878048780488	0.7530864197530864	0.691358024691358	0.6666666666666666	0.6904761904761905	0.7283950617283951	0.7407407407407407	0.7319503591861315	0.03545283697951725	95	0.6064068100358423	0.49910394265232977	0.5027777777777778	0.5244175627240143	0.5021734156943491	0.4574468085106383	0.4432624113475177	0.4656572306341891	0.4806680393502631	0.49385342789598113	0.49757674266229024	0.04300465842790239	83
32	4.625845527648925	0.08790755344884799	0.11544055938720703	0.004523157772503749	1000	sqrt	500	{'model__n_estimators': 1000, 'model__max_features': 'sqrt', 'model__max_depth': 500}	0.7804878048780488	0.7804878048780488	0.7560975609756098	0.7804878048780488	0.7654320987654321	0.691358024691358	0.6790123456790124	0.6904761904761905	0.7037037037037037	0.7530864197530864	0.7380629758678539	0.03976557365568583	1	0.6209677419354839	0.5206093189964157	0.5097222222222223	0.5244175627240143	0.6169450163959429	0.4614657210401891	0.4463356973995272	0.4656572306341891	0.4628231525966598	0.5049645390070922	0.5133908202951736	0.058806982780552	10
33	3.8003564834594727	0.07541920062775596	0.09486808776855468	0.003012701479434041	822	sqrt	260	{'model__n_estimators': 822, 'model__max_features': 'sqrt', 'model__max_depth': 260}	0.7804878048780488	0.7682926829268293	0.7682926829268293	0.7804878048780488	0.7654320987654321	0.6790123456790124	0.6790123456790124	0.7023809523809523	0.7037037037037037	0.7530864197530864	0.7380188841570955	0.03978677689831882	6	0.6209677419354839	0.5098566308243727	0.5166666666666666	0.5244175627240143	0.6169450163959429	0.450354609929078	0.4463356973995272	0.4764099188062321	0.4628231525966598	0.5049645390070922	0.512974153628507	0.05908042978300425	15
34	1.6957280397415162	0.04402892313530294	0.04963972568511963	0.0016732856196919497	377	sqrt	100	{'model__n_estimators': 377, 'model__max_features': 'sqrt', 'model__max_depth': 100}	0.7560975609756098	0.7439024390243902	0.7682926829268293	0.7804878048780488	0.7530864197530864	0.6790123456790124	0.6790123456790124	0.6904761904761905	0.7530864197530864	0.7530864197530864	0.7356540628898353	0.035959123837843415	26	0.5994623655913978	0.49215949820788535	0.5166666666666666	0.5244175627240143	0.6098528178143826	0.450354609929078	0.4463356973995272	0.4656572306341891	0.6025318386334172	0.5049645390070922	0.5212402826607649	0.059536332444080214	6
35	2.3317416191101072	0.048271680091817135	0.1056070327758789	0.00226599218533741	911	log2	260	{'model__n_estimators': 911, 'model__max_features': 'log2', 'model__max_depth': 260}	0.7682926829268293	0.7560975609756098	0.7439024390243902	0.7804878048780488	0.7530864197530864	0.691358024691358	0.6666666666666666	0.6904761904761905	0.7283950617283951	0.7407407407407407	0.7319503591861315	0.03545283697951725	95	0.6064068100358423	0.49910394265232977	0.5027777777777778	0.5244175627240143	0.5021734156943491	0.4574468085106383	0.4432624113475177	0.4656572306341891	0.4806680393502631	0.49385342789598113	0.49757674266229024	0.04300465842790239	83
36	2.3395296335220337	0.04056554811496207	0.11003379821777344	0.007600211541464243	911	log2	300	{'model__n_estimators': 911, 'model__max_features': 'log2', 'model__max_depth': 300}	0.7682926829268293	0.7560975609756098	0.7439024390243902	0.7804878048780488	0.7530864197530864	0.691358024691358	0.6666666666666666	0.6904761904761905	0.7283950617283951	0.7407407407407407	0.7319503591861315	0.03545283697951725	95	0.6064068100358423	0.49910394265232977	0.5027777777777778	0.5244175627240143	0.5021734156943491	0.4574468085106383	0.4432624113475177	0.4656572306341891	0.4806680393502631	0.49385342789598113	0.49757674266229024	0.04300465842790239	83
37	3.3315935850143434	0.09165236040468028	0.09149730205535889	0.01665005503552263	733	sqrt	340	{'model__n_estimators': 733, 'model__max_features': 'sqrt', 'model__max_depth': 340}	0.7804878048780488	0.7682926829268293	0.7682926829268293	0.7804878048780488	0.7654320987654321	0.6790123456790124	0.6790123456790124	0.6904761904761905	0.7037037037037037	0.7530864197530864	0.7368284079666194	0.04099505990374986	18	0.6209677419354839	0.5098566308243727	0.5166666666666666	0.5244175627240143	0.6169450163959429	0.450354609929078	0.4463356973995272	0.4656572306341891	0.4628231525966598	0.5049645390070922	0.5118988848113027	0.05982922173709448	24
38	2.5157796144485474	0.06845962285382255	0.07312049865722656	0.01519190439537752	555	sqrt	460	{'model__n_estimators': 555, 'model__max_features': 'sqrt', 'model__max_depth': 460}	0.7804878048780488	0.7560975609756098	0.7682926829268293	0.7682926829268293	0.7530864197530864	0.6790123456790124	0.6790123456790124	0.6904761904761905	0.7160493827160493	0.7530864197530864	0.7343893835763754	0.03740627215075771	59	0.6209677419354839	0.5029121863799283	0.5166666666666666	0.5136648745519713	0.6098528178143826	0.450354609929078	0.4463356973995272	0.4656572306341891	0.4699153511782201	0.5049645390070922	0.5101291715496539	0.05796680350907928	42
39	2.531506609916687	0.05061578230678294	0.11363232135772705	0.0037924884905031955	1000	log2	260	{'model__n_estimators': 1000, 'model__max_features': 'log2', 'model__max_depth': 260}	0.7682926829268293	0.7560975609756098	0.7439024390243902	0.7804878048780488	0.7654320987654321	0.6790123456790124	0.6790123456790124	0.6904761904761905	0.7283950617283951	0.7407407407407407	0.733184927087366	0.03594893206807265	72	0.6064068100358423	0.49910394265232977	0.5027777777777778	0.5244175627240143	0.5129261038663921	0.450354609929078	0.450354609929078	0.4656572306341891	0.4806680393502631	0.49385342789598113	0.49865201147949456	0.04312344995438422	69
40	3.717954397201538	0.050651488910090525	0.10363481044769288	0.018881855817421855	822	sqrt	500	{'model__n_estimators': 822, 'model__max_features': 'sqrt', 'model__max_depth': 500}	0.7804878048780488	0.7682926829268293	0.7682926829268293	0.7804878048780488	0.7654320987654321	0.6790123456790124	0.6790123456790124	0.7023809523809523	0.7037037037037037	0.7530864197530864	0.7380188841570955	0.03978677689831882	6	0.6209677419354839	0.5098566308243727	0.5166666666666666	0.5244175627240143	0.6169450163959429	0.450354609929078	0.4463356973995272	0.4764099188062321	0.4628231525966598	0.5049645390070922	0.512974153628507	0.05908042978300425	15
41	2.1379884481430054	0.04739710521164583	0.10021457672119141	0.016231444768162483	822	log2	460	{'model__n_estimators': 822, 'model__max_features': 'log2', 'model__max_depth': 460}	0.7682926829268293	0.7560975609756098	0.7439024390243902	0.7804878048780488	0.7530864197530864	0.691358024691358	0.6790123456790124	0.6904761904761905	0.7283950617283951	0.7407407407407407	0.733184927087366	0.03330805861205147	72	0.6064068100358423	0.49910394265232977	0.5027777777777778	0.5244175627240143	0.5021734156943491	0.4574468085106383	0.450354609929078	0.4656572306341891	0.4806680393502631	0.49385342789598113	0.49828596252044627	0.04215312535344891	77
42	2.1315677404403686	0.06711089747829897	0.06126887798309326	0.004127246975057833	466	sqrt	220	{'model__n_estimators': 466, 'model__max_features': 'sqrt', 'model__max_depth': 220}	0.7560975609756098	0.7560975609756098	0.7682926829268293	0.7682926829268293	0.7530864197530864	0.6790123456790124	0.6790123456790124	0.6904761904761905	0.7283950617283951	0.7530864197530864	0.7331849270873662	0.03467497886109928	66	0.5994623655913978	0.5029121863799283	0.5166666666666666	0.5136648745519713	0.6098528178143826	0.450354609929078	0.4463356973995272	0.4656572306341891	0.4806680393502631	0.5049645390070922	0.5090539027324497	0.05341907795389102	49
43	1.716770553588867	0.02657226307547267	0.04926633834838867	0.0009350788951945473	377	sqrt	300	{'model__n_estimators': 377, 'model__max_features': 'sqrt', 'model__max_depth': 300}	0.7560975609756098	0.7439024390243902	0.7682926829268293	0.7804878048780488	0.7530864197530864	0.6790123456790124	0.6790123456790124	0.6904761904761905	0.7530864197530864	0.7530864197530864	0.7356540628898353	0.035959123837843415	26	0.5994623655913978	0.49215949820788535	0.5166666666666666	0.5244175627240143	0.6098528178143826	0.450354609929078	0.4463356973995272	0.4656572306341891	0.6025318386334172	0.5049645390070922	0.5212402826607649	0.059536332444080214	6
44	1.8729995965957642	0.03215713411388054	0.08653993606567383	0.001971397041068025	733	log2	500	{'model__n_estimators': 733, 'model__max_features': 'log2', 'model__max_depth': 500}	0.7682926829268293	0.7560975609756098	0.7439024390243902	0.7804878048780488	0.7530864197530864	0.691358024691358	0.6790123456790124	0.6904761904761905	0.7283950617283951	0.7407407407407407	0.733184927087366	0.03330805861205147	72	0.6064068100358423	0.49910394265232977	0.5027777777777778	0.5244175627240143	0.5021734156943491	0.4574468085106383	0.450354609929078	0.4656572306341891	0.4806680393502631	0.49385342789598113	0.49828596252044627	0.04215312535344891	77
45	2.5010753154754637	0.06293836597014346	0.06817173957824707	0.0017587976401937308	555	sqrt	300	{'model__n_estimators': 555, 'model__max_features': 'sqrt', 'model__max_depth': 300}	0.7804878048780488	0.7560975609756098	0.7682926829268293	0.7682926829268293	0.7530864197530864	0.6790123456790124	0.6790123456790124	0.6904761904761905	0.7160493827160493	0.7530864197530864	0.7343893835763754	0.03740627215075771	59	0.6209677419354839	0.5029121863799283	0.5166666666666666	0.5136648745519713	0.6098528178143826	0.450354609929078	0.4463356973995272	0.4656572306341891	0.4699153511782201	0.5049645390070922	0.5101291715496539	0.05796680350907928	42
46	0.9900978088378907	0.03191162009944005	0.049518370628356935	0.0015944199524580952	377	log2	340	{'model__n_estimators': 377, 'model__max_features': 'log2', 'model__max_depth': 340}	0.7682926829268293	0.7560975609756098	0.7439024390243902	0.7804878048780488	0.7530864197530864	0.7037037037037037	0.6666666666666666	0.6904761904761905	0.7283950617283951	0.7407407407407407	0.733184927087366	0.034211008237323336	72	0.6064068100358423	0.49910394265232977	0.5027777777777778	0.5244175627240143	0.5058339052848319	0.46855791962174936	0.4392434988179669	0.4656572306341891	0.4806680393502631	0.49385342789598113	0.49865201147949456	0.04267774243466633	69
47	0.9532106161117554	0.017515047521021405	0.049789714813232425	0.0008173734492919439	377	log2	300	{'model__n_estimators': 377, 'model__max_features': 'log2', 'model__max_depth': 300}	0.7682926829268293	0.7560975609756098	0.7439024390243902	0.7804878048780488	0.7530864197530864	0.7037037037037037	0.6666666666666666	0.6904761904761905	0.7283950617283951	0.7407407407407407	0.733184927087366	0.034211008237323336	72	0.6064068100358423	0.49910394265232977	0.5027777777777778	0.5244175627240143	0.5058339052848319	0.46855791962174936	0.4392434988179669	0.4656572306341891	0.4806680393502631	0.49385342789598113	0.49865201147949456	0.04267774243466633	69
48	2.339848828315735	0.04746851747639039	0.10703167915344239	0.004057421285522727	911	log2	140	{'model__n_estimators': 911, 'model__max_features': 'log2', 'model__max_depth': 140}	0.7682926829268293	0.7560975609756098	0.7439024390243902	0.7804878048780488	0.7530864197530864	0.691358024691358	0.6666666666666666	0.6904761904761905	0.7283950617283951	0.7407407407407407	0.7319503591861315	0.03545283697951725	95	0.6064068100358423	0.49910394265232977	0.5027777777777778	0.5244175627240143	0.5021734156943491	0.4574468085106383	0.4432624113475177	0.4656572306341891	0.4806680393502631	0.49385342789598113	0.49757674266229024	0.04300465842790239	83
49	2.8933422803878783	0.08839806092369505	0.07705912590026856	0.0034124312256305577	644	sqrt	460	{'model__n_estimators': 644, 'model__max_features': 'sqrt', 'model__max_depth': 460}	0.7804878048780488	0.7560975609756098	0.7560975609756098	0.7804878048780488	0.7654320987654321	0.6790123456790124	0.6790123456790124	0.6904761904761905	0.7160493827160493	0.7530864197530864	0.73562395147761	0.03858570122009422	42	0.6209677419354839	0.5029121863799283	0.5097222222222223	0.5244175627240143	0.6169450163959429	0.450354609929078	0.4463356973995272	0.4656572306341891	0.4699153511782201	0.5049645390070922	0.5112192157805698	0.059332557592120826	30
50	1.9527121543884278	0.06827340684738833	0.08818135261535645	0.004276635393215274	733	log2	340	{'model__n_estimators': 733, 'model__max_features': 'log2', 'model__max_depth': 340}	0.7682926829268293	0.7560975609756098	0.7439024390243902	0.7804878048780488	0.7530864197530864	0.691358024691358	0.6790123456790124	0.6904761904761905	0.7283950617283951	0.7407407407407407	0.733184927087366	0.03330805861205147	72	0.6064068100358423	0.49910394265232977	0.5027777777777778	0.5244175627240143	0.5021734156943491	0.4574468085106383	0.450354609929078	0.4656572306341891	0.4806680393502631	0.49385342789598113	0.49828596252044627	0.04215312535344891	77
51	0.5229678630828858	0.01979655341719113	0.03153336048126221	0.0006872923295452429	200	log2	260	{'model__n_estimators': 200, 'model__max_features': 'log2', 'model__max_depth': 260}	0.7804878048780488	0.7439024390243902	0.7560975609756098	0.7804878048780488	0.7654320987654321	0.691358024691358	0.691358024691358	0.6904761904761905	0.7160493827160493	0.7407407407407407	0.7356390071837225	0.03430505247087933	30	0.5129928315412187	0.49215949820788535	0.5097222222222223	0.5244175627240143	0.5202470830473577	0.4574468085106383	0.4574468085106383	0.4656572306341891	0.4699153511782201	0.49385342789598113	0.4903858824472366	0.02480019835768801	89
52	3.783726716041565	0.12915481640387383	0.09650983810424804	0.005147355178470193	822	sqrt	460	{'model__n_estimators': 822, 'model__max_features': 'sqrt', 'model__max_depth': 460}	0.7804878048780488	0.7682926829268293	0.7682926829268293	0.7804878048780488	0.7654320987654321	0.6790123456790124	0.6790123456790124	0.7023809523809523	0.7037037037037037	0.7530864197530864	0.7380188841570955	0.03978677689831882	6	0.6209677419354839	0.5098566308243727	0.5166666666666666	0.5244175627240143	0.6169450163959429	0.450354609929078	0.4463356973995272	0.4764099188062321	0.4628231525966598	0.5049645390070922	0.512974153628507	0.05908042978300425	15
53	2.386115384101868	0.055774425403186764	0.10953161716461182	0.01247878108866982	911	log2	180	{'model__n_estimators': 911, 'model__max_features': 'log2', 'model__max_depth': 180}	0.7682926829268293	0.7560975609756098	0.7439024390243902	0.7804878048780488	0.7530864197530864	0.691358024691358	0.6666666666666666	0.6904761904761905	0.7283950617283951	0.7407407407407407	0.7319503591861315	0.03545283697951725	95	0.6064068100358423	0.49910394265232977	0.5027777777777778	0.5244175627240143	0.5021734156943491	0.4574468085106383	0.4432624113475177	0.4656572306341891	0.4806680393502631	0.49385342789598113	0.49757674266229024	0.04300465842790239	83
54	3.770070123672485	0.06366176534682151	0.09624183177947998	0.0029144404255866552	822	sqrt	340	{'model__n_estimators': 822, 'model__max_features': 'sqrt', 'model__max_depth': 340}	0.7804878048780488	0.7682926829268293	0.7682926829268293	0.7804878048780488	0.7654320987654321	0.6790123456790124	0.6790123456790124	0.7023809523809523	0.7037037037037037	0.7530864197530864	0.7380188841570955	0.03978677689831882	6	0.6209677419354839	0.5098566308243727	0.5166666666666666	0.5244175627240143	0.6169450163959429	0.450354609929078	0.4463356973995272	0.4764099188062321	0.4628231525966598	0.5049645390070922	0.512974153628507	0.05908042978300425	15
55	3.336717414855957	0.06154096233993305	0.08575046062469482	0.002942019511408483	733	sqrt	300	{'model__n_estimators': 733, 'model__max_features': 'sqrt', 'model__max_depth': 300}	0.7804878048780488	0.7682926829268293	0.7682926829268293	0.7804878048780488	0.7654320987654321	0.6790123456790124	0.6790123456790124	0.6904761904761905	0.7037037037037037	0.7530864197530864	0.7368284079666194	0.04099505990374986	18	0.6209677419354839	0.5098566308243727	0.5166666666666666	0.5244175627240143	0.6169450163959429	0.450354609929078	0.4463356973995272	0.4656572306341891	0.4628231525966598	0.5049645390070922	0.5118988848113027	0.05982922173709448	24
56	1.2123680591583252	0.024109247187121992	0.05887391567230225	0.0019542933889072833	466	log2	220	{'model__n_estimators': 466, 'model__max_features': 'log2', 'model__max_depth': 220}	0.7682926829268293	0.7560975609756098	0.7439024390243902	0.7804878048780488	0.7407407407407407	0.7037037037037037	0.6790123456790124	0.6904761904761905	0.7283950617283951	0.7407407407407407	0.733184927087366	0.0314244194263499	72	0.6064068100358423	0.49910394265232977	0.5027777777777778	0.5244175627240143	0.4950812171127888	0.46855791962174936	0.450354609929078	0.4656572306341891	0.4806680393502631	0.49385342789598113	0.49868785377340136	0.0412047603319596	60
57	0.9825082540512085	0.030769107114635395	0.05088751316070557	0.001760882136048426	377	log2	420	{'model__n_estimators': 377, 'model__max_features': 'log2', 'model__max_depth': 420}	0.7682926829268293	0.7560975609756098	0.7439024390243902	0.7804878048780488	0.7530864197530864	0.7037037037037037	0.6666666666666666	0.6904761904761905	0.7283950617283951	0.7407407407407407	0.733184927087366	0.034211008237323336	72	0.6064068100358423	0.49910394265232977	0.5027777777777778	0.5244175627240143	0.5058339052848319	0.46855791962174936	0.4392434988179669	0.4656572306341891	0.4806680393502631	0.49385342789598113	0.49865201147949456	0.04267774243466633	69
58	0.91283118724823	0.019379635098874755	0.032053661346435544	0.0017867755673815918	200	sqrt	420	{'model__n_estimators': 200, 'model__max_features': 'sqrt', 'model__max_depth': 420}	0.7560975609756098	0.7439024390243902	0.7804878048780488	0.7804878048780488	0.7530864197530864	0.6666666666666666	0.6666666666666666	0.7142857142857143	0.7530864197530864	0.7530864197530864	0.7367853916634404	0.039217459518723394	24	0.5994623655913978	0.49215949820788535	0.5277777777777778	0.5244175627240143	0.6098528178143826	0.4392434988179669	0.4392434988179669	0.4832126398946676	0.6025318386334172	0.5049645390070922	0.5222866037286569	0.06051835868675953	1
59	2.9462406635284424	0.08218146691740853	0.07713687419891357	0.0032984028941716688	644	sqrt	380	{'model__n_estimators': 644, 'model__max_features': 'sqrt', 'model__max_depth': 380}	0.7804878048780488	0.7560975609756098	0.7560975609756098	0.7804878048780488	0.7654320987654321	0.6790123456790124	0.6790123456790124	0.6904761904761905	0.7160493827160493	0.7530864197530864	0.73562395147761	0.03858570122009422	42	0.6209677419354839	0.5029121863799283	0.5097222222222223	0.5244175627240143	0.6169450163959429	0.450354609929078	0.4463356973995272	0.4656572306341891	0.4699153511782201	0.5049645390070922	0.5112192157805698	0.059332557592120826	30
60	3.332372283935547	0.11793355131846846	0.08624403476715088	0.0023919498151752177	733	sqrt	100	{'model__n_estimators': 733, 'model__max_features': 'sqrt', 'model__max_depth': 100}	0.7804878048780488	0.7682926829268293	0.7682926829268293	0.7804878048780488	0.7654320987654321	0.6790123456790124	0.6790123456790124	0.6904761904761905	0.7037037037037037	0.7530864197530864	0.7368284079666194	0.04099505990374986	18	0.6209677419354839	0.5098566308243727	0.5166666666666666	0.5244175627240143	0.6169450163959429	0.450354609929078	0.4463356973995272	0.4656572306341891	0.4628231525966598	0.5049645390070922	0.5118988848113027	0.05982922173709448	24
61	0.5499559164047241	0.018348975253168504	0.03218963146209717	0.0009192735082682151	200	log2	300	{'model__n_estimators': 200, 'model__max_features': 'log2', 'model__max_depth': 300}	0.7804878048780488	0.7439024390243902	0.7560975609756098	0.7804878048780488	0.7654320987654321	0.691358024691358	0.691358024691358	0.6904761904761905	0.7160493827160493	0.7407407407407407	0.7356390071837225	0.03430505247087933	30	0.5129928315412187	0.49215949820788535	0.5097222222222223	0.5244175627240143	0.5202470830473577	0.4574468085106383	0.4574468085106383	0.4656572306341891	0.4699153511782201	0.49385342789598113	0.4903858824472366	0.02480019835768801	89
62	0.7485495328903198	0.02365212216714788	0.040688085556030276	0.0010843521883286506	288	log2	220	{'model__n_estimators': 288, 'model__max_features': 'log2', 'model__max_depth': 220}	0.7560975609756098	0.7682926829268293	0.7560975609756098	0.7804878048780488	0.7654320987654321	0.691358024691358	0.691358024691358	0.6904761904761905	0.7160493827160493	0.7407407407407407	0.7356390071837225	0.03342675912001847	30	0.4952956989247312	0.5098566308243727	0.5097222222222223	0.5244175627240143	0.5129261038663921	0.4614657210401891	0.4574468085106383	0.4656572306341891	0.4699153511782201	0.49385342789598113	0.4900556757820951	0.02325116755293518	97
63	3.8151055574417114	0.05922431456246367	0.09512560367584229	0.0032323263127199335	822	sqrt	220	{'model__n_estimators': 822, 'model__max_features': 'sqrt', 'model__max_depth': 220}	0.7804878048780488	0.7682926829268293	0.7682926829268293	0.7804878048780488	0.7654320987654321	0.6790123456790124	0.6790123456790124	0.7023809523809523	0.7037037037037037	0.7530864197530864	0.7380188841570955	0.03978677689831882	6	0.6209677419354839	0.5098566308243727	0.5166666666666666	0.5244175627240143	0.6169450163959429	0.450354609929078	0.4463356973995272	0.4764099188062321	0.4628231525966598	0.5049645390070922	0.512974153628507	0.05908042978300425	15
64	1.7442479848861694	0.03100130428929779	0.049078512191772464	0.002810132953153104	377	sqrt	420	{'model__n_estimators': 377, 'model__max_features': 'sqrt', 'model__max_depth': 420}	0.7560975609756098	0.7439024390243902	0.7682926829268293	0.7804878048780488	0.7530864197530864	0.6790123456790124	0.6790123456790124	0.6904761904761905	0.7530864197530864	0.7530864197530864	0.7356540628898353	0.035959123837843415	26	0.5994623655913978	0.49215949820788535	0.5166666666666666	0.5244175627240143	0.6098528178143826	0.450354609929078	0.4463356973995272	0.4656572306341891	0.6025318386334172	0.5049645390070922	0.5212402826607649	0.059536332444080214	6
65	1.4563423156738282	0.0364190302804081	0.06886334419250488	0.0038455185830547855	555	log2	420	{'model__n_estimators': 555, 'model__max_features': 'log2', 'model__max_depth': 420}	0.7682926829268293	0.7682926829268293	0.7560975609756098	0.7804878048780488	0.7530864197530864	0.7037037037037037	0.6666666666666666	0.6904761904761905	0.7283950617283951	0.7407407407407407	0.73562395147761	0.035724126167539935	42	0.6064068100358423	0.5098566308243727	0.5138888888888888	0.5244175627240143	0.5021734156943491	0.46855791962174936	0.4432624113475177	0.4656572306341891	0.4806680393502631	0.49385342789598113	0.5008742337017168	0.04243165225489807	55
66	1.3252087593078614	0.05504410546494731	0.040148568153381345	0.001625531434685349	288	sqrt	420	{'model__n_estimators': 288, 'model__max_features': 'sqrt', 'model__max_depth': 420}	0.7560975609756098	0.7560975609756098	0.7682926829268293	0.7804878048780488	0.7530864197530864	0.6666666666666666	0.6790123456790124	0.6904761904761905	0.7654320987654321	0.7530864197530864	0.7368735750849572	0.0392421148014493	15	0.5994623655913978	0.5029121863799283	0.5166666666666666	0.5244175627240143	0.6098528178143826	0.4392434988179669	0.4463356973995272	0.4656572306341891	0.6096240372149775	0.5049645390070922	0.5219136602250144	0.06150894770921379	3
67	0.7504647016525269	0.028119857711355195	0.04078960418701172	0.002110074451599187	288	log2	260	{'model__n_estimators': 288, 'model__max_features': 'log2', 'model__max_depth': 260}	0.7560975609756098	0.7682926829268293	0.7560975609756098	0.7804878048780488	0.7654320987654321	0.691358024691358	0.691358024691358	0.6904761904761905	0.7160493827160493	0.7407407407407407	0.7356390071837225	0.03342675912001847	30	0.4952956989247312	0.5098566308243727	0.5097222222222223	0.5244175627240143	0.5129261038663921	0.4614657210401891	0.4574468085106383	0.4656572306341891	0.4699153511782201	0.49385342789598113	0.4900556757820951	0.02325116755293518	97
68	1.901491904258728	0.040750814079954824	0.08606712818145752	0.002388178674408266	733	log2	420	{'model__n_estimators': 733, 'model__max_features': 'log2', 'model__max_depth': 420}	0.7682926829268293	0.7560975609756098	0.7439024390243902	0.7804878048780488	0.7530864197530864	0.691358024691358	0.6790123456790124	0.6904761904761905	0.7283950617283951	0.7407407407407407	0.733184927087366	0.03330805861205147	72	0.6064068100358423	0.49910394265232977	0.5027777777777778	0.5244175627240143	0.5021734156943491	0.4574468085106383	0.450354609929078	0.4656572306341891	0.4806680393502631	0.49385342789598113	0.49828596252044627	0.04215312535344891	77
69	0.911017918586731	0.029131249040338307	0.031365370750427245	0.0012689019822883585	200	sqrt	500	{'model__n_estimators': 200, 'model__max_features': 'sqrt', 'model__max_depth': 500}	0.7560975609756098	0.7439024390243902	0.7804878048780488	0.7804878048780488	0.7530864197530864	0.6666666666666666	0.6666666666666666	0.7142857142857143	0.7530864197530864	0.7530864197530864	0.7367853916634404	0.039217459518723394	24	0.5994623655913978	0.49215949820788535	0.5277777777777778	0.5244175627240143	0.6098528178143826	0.4392434988179669	0.4392434988179669	0.4832126398946676	0.6025318386334172	0.5049645390070922	0.5222866037286569	0.06051835868675953	1
70	3.4057538747787475	0.06387134336816025	0.09161789417266845	0.019647990045642844	733	sqrt	260	{'model__n_estimators': 733, 'model__max_features': 'sqrt', 'model__max_depth': 260}	0.7804878048780488	0.7682926829268293	0.7682926829268293	0.7804878048780488	0.7654320987654321	0.6790123456790124	0.6790123456790124	0.6904761904761905	0.7037037037037037	0.7530864197530864	0.7368284079666194	0.04099505990374986	18	0.6209677419354839	0.5098566308243727	0.5166666666666666	0.5244175627240143	0.6169450163959429	0.450354609929078	0.4463356973995272	0.4656572306341891	0.4628231525966598	0.5049645390070922	0.5118988848113027	0.05982922173709448	24
71	0.5315083980560302	0.019080524428387893	0.03217945098876953	0.0024079002006720685	200	log2	500	{'model__n_estimators': 200, 'model__max_features': 'log2', 'model__max_depth': 500}	0.7804878048780488	0.7439024390243902	0.7560975609756098	0.7804878048780488	0.7654320987654321	0.691358024691358	0.691358024691358	0.6904761904761905	0.7160493827160493	0.7407407407407407	0.7356390071837225	0.03430505247087933	30	0.5129928315412187	0.49215949820788535	0.5097222222222223	0.5244175627240143	0.5202470830473577	0.4574468085106383	0.4574468085106383	0.4656572306341891	0.4699153511782201	0.49385342789598113	0.4903858824472366	0.02480019835768801	89
72	2.202683520317078	0.049291793394041085	0.09649076461791992	0.001914028567816518	822	log2	300	{'model__n_estimators': 822, 'model__max_features': 'log2', 'model__max_depth': 300}	0.7682926829268293	0.7560975609756098	0.7439024390243902	0.7804878048780488	0.7530864197530864	0.691358024691358	0.6790123456790124	0.6904761904761905	0.7283950617283951	0.7407407407407407	0.733184927087366	0.03330805861205147	72	0.6064068100358423	0.49910394265232977	0.5027777777777778	0.5244175627240143	0.5021734156943491	0.4574468085106383	0.450354609929078	0.4656572306341891	0.4806680393502631	0.49385342789598113	0.49828596252044627	0.04215312535344891	77
73	2.214811897277832	0.08352704487764584	0.07072699069976807	0.020262791337291034	466	sqrt	100	{'model__n_estimators': 466, 'model__max_features': 'sqrt', 'model__max_depth': 100}	0.7560975609756098	0.7560975609756098	0.7682926829268293	0.7682926829268293	0.7530864197530864	0.6790123456790124	0.6790123456790124	0.6904761904761905	0.7283950617283951	0.7530864197530864	0.7331849270873662	0.03467497886109928	66	0.5994623655913978	0.5029121863799283	0.5166666666666666	0.5136648745519713	0.6098528178143826	0.450354609929078	0.4463356973995272	0.4656572306341891	0.4806680393502631	0.5049645390070922	0.5090539027324497	0.05341907795389102	49
74	3.798126149177551	0.08196769923082722	0.09409856796264648	0.0024589815032433422	822	sqrt	140	{'model__n_estimators': 822, 'model__max_features': 'sqrt', 'model__max_depth': 140}	0.7804878048780488	0.7682926829268293	0.7682926829268293	0.7804878048780488	0.7654320987654321	0.6790123456790124	0.6790123456790124	0.7023809523809523	0.7037037037037037	0.7530864197530864	0.7380188841570955	0.03978677689831882	6	0.6209677419354839	0.5098566308243727	0.5166666666666666	0.5244175627240143	0.6169450163959429	0.450354609929078	0.4463356973995272	0.4764099188062321	0.4628231525966598	0.5049645390070922	0.512974153628507	0.05908042978300425	15
75	4.29550142288208	0.08335677297812684	0.10428261756896973	0.005491201921418545	911	sqrt	420	{'model__n_estimators': 911, 'model__max_features': 'sqrt', 'model__max_depth': 420}	0.7682926829268293	0.7682926829268293	0.7560975609756098	0.7804878048780488	0.7654320987654321	0.6790123456790124	0.6790123456790124	0.7023809523809523	0.7037037037037037	0.7530864197530864	0.7355798597668517	0.03780690028038478	54	0.6102150537634409	0.5098566308243727	0.5097222222222223	0.5244175627240143	0.6169450163959429	0.450354609929078	0.4463356973995272	0.4764099188062321	0.4628231525966598	0.5049645390070922	0.5112044403668583	0.05715222736878237	37
76	4.355022239685058	0.19034787491996927	0.10606114864349366	0.00633689819263933	911	sqrt	340	{'model__n_estimators': 911, 'model__max_features': 'sqrt', 'model__max_depth': 340}	0.7682926829268293	0.7682926829268293	0.7560975609756098	0.7804878048780488	0.7654320987654321	0.6790123456790124	0.6790123456790124	0.7023809523809523	0.7037037037037037	0.7530864197530864	0.7355798597668517	0.03780690028038478	54	0.6102150537634409	0.5098566308243727	0.5097222222222223	0.5244175627240143	0.6169450163959429	0.450354609929078	0.4463356973995272	0.4764099188062321	0.4628231525966598	0.5049645390070922	0.5112044403668583	0.05715222736878237	37
77	1.5586349487304687	0.13212878474558631	0.0760486364364624	0.014124280954749284	555	log2	340	{'model__n_estimators': 555, 'model__max_features': 'log2', 'model__max_depth': 340}	0.7682926829268293	0.7682926829268293	0.7560975609756098	0.7804878048780488	0.7530864197530864	0.7037037037037037	0.6666666666666666	0.6904761904761905	0.7283950617283951	0.7407407407407407	0.73562395147761	0.035724126167539935	42	0.6064068100358423	0.5098566308243727	0.5138888888888888	0.5244175627240143	0.5021734156943491	0.46855791962174936	0.4432624113475177	0.4656572306341891	0.4806680393502631	0.49385342789598113	0.5008742337017168	0.04243165225489807	55
78	1.670530343055725	0.04355902365944245	0.07987313270568848	0.004495568535618721	644	log2	460	{'model__n_estimators': 644, 'model__max_features': 'log2', 'model__max_depth': 460}	0.7682926829268293	0.7560975609756098	0.7439024390243902	0.7804878048780488	0.7530864197530864	0.691358024691358	0.6790123456790124	0.6904761904761905	0.7283950617283951	0.7407407407407407	0.733184927087366	0.03330805861205147	72	0.6064068100358423	0.49910394265232977	0.5027777777777778	0.5244175627240143	0.5021734156943491	0.4614657210401891	0.450354609929078	0.4656572306341891	0.4806680393502631	0.49385342789598113	0.49868785377340136	0.04177934691599593	60
79	2.957219624519348	0.08624850328854222	0.07951896190643311	0.0030498109993914607	644	sqrt	180	{'model__n_estimators': 644, 'model__max_features': 'sqrt', 'model__max_depth': 180}	0.7804878048780488	0.7560975609756098	0.7560975609756098	0.7804878048780488	0.7654320987654321	0.6790123456790124	0.6790123456790124	0.6904761904761905	0.7160493827160493	0.7530864197530864	0.73562395147761	0.03858570122009422	42	0.6209677419354839	0.5029121863799283	0.5097222222222223	0.5244175627240143	0.6169450163959429	0.450354609929078	0.4463356973995272	0.4656572306341891	0.4699153511782201	0.5049645390070922	0.5112192157805698	0.059332557592120826	30
80	0.5377204895019532	0.015005543324326872	0.03446044921875	0.0034404144549752495	200	log2	460	{'model__n_estimators': 200, 'model__max_features': 'log2', 'model__max_depth': 460}	0.7804878048780488	0.7439024390243902	0.7560975609756098	0.7804878048780488	0.7654320987654321	0.691358024691358	0.691358024691358	0.6904761904761905	0.7160493827160493	0.7407407407407407	0.7356390071837225	0.03430505247087933	30	0.5129928315412187	0.49215949820788535	0.5097222222222223	0.5244175627240143	0.5202470830473577	0.4574468085106383	0.4574468085106383	0.4656572306341891	0.4699153511782201	0.49385342789598113	0.4903858824472366	0.02480019835768801	89
81	2.1959702253341673	0.11978451896740015	0.06051182746887207	0.00527336495033472	466	sqrt	460	{'model__n_estimators': 466, 'model__max_features': 'sqrt', 'model__max_depth': 460}	0.7560975609756098	0.7560975609756098	0.7682926829268293	0.7682926829268293	0.7530864197530864	0.6790123456790124	0.6790123456790124	0.6904761904761905	0.7283950617283951	0.7530864197530864	0.7331849270873662	0.03467497886109928	66	0.5994623655913978	0.5029121863799283	0.5166666666666666	0.5136648745519713	0.6098528178143826	0.450354609929078	0.4463356973995272	0.4656572306341891	0.4806680393502631	0.5049645390070922	0.5090539027324497	0.05341907795389102	49
82	2.177137589454651	0.12090106384651723	0.0617255449295044	0.008568550467722907	466	sqrt	300	{'model__n_estimators': 466, 'model__max_features': 'sqrt', 'model__max_depth': 300}	0.7560975609756098	0.7560975609756098	0.7682926829268293	0.7682926829268293	0.7530864197530864	0.6790123456790124	0.6790123456790124	0.6904761904761905	0.7283950617283951	0.7530864197530864	0.7331849270873662	0.03467497886109928	66	0.5994623655913978	0.5029121863799283	0.5166666666666666	0.5136648745519713	0.6098528178143826	0.450354609929078	0.4463356973995272	0.4656572306341891	0.4806680393502631	0.5049645390070922	0.5090539027324497	0.05341907795389102	49
83	2.4035345792770384	0.09399719867598097	0.10869448184967041	0.005671016333837887	911	log2	420	{'model__n_estimators': 911, 'model__max_features': 'log2', 'model__max_depth': 420}	0.7682926829268293	0.7560975609756098	0.7439024390243902	0.7804878048780488	0.7530864197530864	0.691358024691358	0.6666666666666666	0.6904761904761905	0.7283950617283951	0.7407407407407407	0.7319503591861315	0.03545283697951725	95	0.6064068100358423	0.49910394265232977	0.5027777777777778	0.5244175627240143	0.5021734156943491	0.4574468085106383	0.4432624113475177	0.4656572306341891	0.4806680393502631	0.49385342789598113	0.49757674266229024	0.04300465842790239	83
84	3.895635890960693	0.05748479626035371	0.1043675422668457	0.013882097601360489	822	sqrt	180	{'model__n_estimators': 822, 'model__max_features': 'sqrt', 'model__max_depth': 180}	0.7804878048780488	0.7682926829268293	0.7682926829268293	0.7804878048780488	0.7654320987654321	0.6790123456790124	0.6790123456790124	0.7023809523809523	0.7037037037037037	0.7530864197530864	0.7380188841570955	0.03978677689831882	6	0.6209677419354839	0.5098566308243727	0.5166666666666666	0.5244175627240143	0.6169450163959429	0.450354609929078	0.4463356973995272	0.4764099188062321	0.4628231525966598	0.5049645390070922	0.512974153628507	0.05908042978300425	15
85	1.5309998035430907	0.056952234459342416	0.07199125289916992	0.005440343446896391	555	log2	380	{'model__n_estimators': 555, 'model__max_features': 'log2', 'model__max_depth': 380}	0.7682926829268293	0.7682926829268293	0.7560975609756098	0.7804878048780488	0.7530864197530864	0.7037037037037037	0.6666666666666666	0.6904761904761905	0.7283950617283951	0.7407407407407407	0.73562395147761	0.035724126167539935	42	0.6064068100358423	0.5098566308243727	0.5138888888888888	0.5244175627240143	0.5021734156943491	0.46855791962174936	0.4432624113475177	0.4656572306341891	0.4806680393502631	0.49385342789598113	0.5008742337017168	0.04243165225489807	55
86	3.0475730419158937	0.07514331428560742	0.08405463695526123	0.010795197094731894	644	sqrt	420	{'model__n_estimators': 644, 'model__max_features': 'sqrt', 'model__max_depth': 420}	0.7804878048780488	0.7560975609756098	0.7560975609756098	0.7804878048780488	0.7654320987654321	0.6790123456790124	0.6790123456790124	0.6904761904761905	0.7160493827160493	0.7530864197530864	0.73562395147761	0.03858570122009422	42	0.6209677419354839	0.5029121863799283	0.5097222222222223	0.5244175627240143	0.6169450163959429	0.450354609929078	0.4463356973995272	0.4656572306341891	0.4699153511782201	0.5049645390070922	0.5112192157805698	0.059332557592120826	30
87	1.6702879428863526	0.04240729972018427	0.07825212478637696	0.0027564590687036233	644	log2	420	{'model__n_estimators': 644, 'model__max_features': 'log2', 'model__max_depth': 420}	0.7682926829268293	0.7560975609756098	0.7439024390243902	0.7804878048780488	0.7530864197530864	0.691358024691358	0.6790123456790124	0.6904761904761905	0.7283950617283951	0.7407407407407407	0.733184927087366	0.03330805861205147	72	0.6064068100358423	0.49910394265232977	0.5027777777777778	0.5244175627240143	0.5021734156943491	0.4614657210401891	0.450354609929078	0.4656572306341891	0.4806680393502631	0.49385342789598113	0.49868785377340136	0.04177934691599593	60
88	0.518236780166626	0.024857111054560233	0.03199326992034912	0.0013128472729646815	200	log2	420	{'model__n_estimators': 200, 'model__max_features': 'log2', 'model__max_depth': 420}	0.7804878048780488	0.7439024390243902	0.7560975609756098	0.7804878048780488	0.7654320987654321	0.691358024691358	0.691358024691358	0.6904761904761905	0.7160493827160493	0.7407407407407407	0.7356390071837225	0.03430505247087933	30	0.5129928315412187	0.49215949820788535	0.5097222222222223	0.5244175627240143	0.5202470830473577	0.4574468085106383	0.4574468085106383	0.4656572306341891	0.4699153511782201	0.49385342789598113	0.4903858824472366	0.02480019835768801	89
89	3.8555321216583254	0.13432426608716713	0.10208714008331299	0.013099604793353453	822	sqrt	300	{'model__n_estimators': 822, 'model__max_features': 'sqrt', 'model__max_depth': 300}	0.7804878048780488	0.7682926829268293	0.7682926829268293	0.7804878048780488	0.7654320987654321	0.6790123456790124	0.6790123456790124	0.7023809523809523	0.7037037037037037	0.7530864197530864	0.7380188841570955	0.03978677689831882	6	0.6209677419354839	0.5098566308243727	0.5166666666666666	0.5244175627240143	0.6169450163959429	0.450354609929078	0.4463356973995272	0.4764099188062321	0.4628231525966598	0.5049645390070922	0.512974153628507	0.05908042978300425	15
90	4.312376832962036	0.07879230048868814	0.11739647388458252	0.016077200875536317	911	sqrt	260	{'model__n_estimators': 911, 'model__max_features': 'sqrt', 'model__max_depth': 260}	0.7682926829268293	0.7682926829268293	0.7560975609756098	0.7804878048780488	0.7654320987654321	0.6790123456790124	0.6790123456790124	0.7023809523809523	0.7037037037037037	0.7530864197530864	0.7355798597668517	0.03780690028038478	54	0.6102150537634409	0.5098566308243727	0.5097222222222223	0.5244175627240143	0.6169450163959429	0.450354609929078	0.4463356973995272	0.4764099188062321	0.4628231525966598	0.5049645390070922	0.5112044403668583	0.05715222736878237	37
91	4.686591911315918	0.1567840237331325	0.1191373348236084	0.005389700111401333	1000	sqrt	300	{'model__n_estimators': 1000, 'model__max_features': 'sqrt', 'model__max_depth': 300}	0.7804878048780488	0.7804878048780488	0.7560975609756098	0.7804878048780488	0.7654320987654321	0.691358024691358	0.6790123456790124	0.6904761904761905	0.7037037037037037	0.7530864197530864	0.7380629758678539	0.03976557365568583	1	0.6209677419354839	0.5206093189964157	0.5097222222222223	0.5244175627240143	0.6169450163959429	0.4614657210401891	0.4463356973995272	0.4656572306341891	0.4628231525966598	0.5049645390070922	0.5133908202951736	0.058806982780552	10
92	2.641917371749878	0.05103696681919002	0.07193055152893066	0.005657763126962087	555	sqrt	100	{'model__n_estimators': 555, 'model__max_features': 'sqrt', 'model__max_depth': 100}	0.7804878048780488	0.7560975609756098	0.7682926829268293	0.7682926829268293	0.7530864197530864	0.6790123456790124	0.6790123456790124	0.6904761904761905	0.7160493827160493	0.7530864197530864	0.7343893835763754	0.03740627215075771	59	0.6209677419354839	0.5029121863799283	0.5166666666666666	0.5136648745519713	0.6098528178143826	0.450354609929078	0.4463356973995272	0.4656572306341891	0.4699153511782201	0.5049645390070922	0.5101291715496539	0.05796680350907928	42
93	3.5932381629943846	0.1109735856458827	0.10075712203979492	0.0228775243632371	733	sqrt	500	{'model__n_estimators': 733, 'model__max_features': 'sqrt', 'model__max_depth': 500}	0.7804878048780488	0.7682926829268293	0.7682926829268293	0.7804878048780488	0.7654320987654321	0.6790123456790124	0.6790123456790124	0.6904761904761905	0.7037037037037037	0.7530864197530864	0.7368284079666194	0.04099505990374986	18	0.6209677419354839	0.5098566308243727	0.5166666666666666	0.5244175627240143	0.6169450163959429	0.450354609929078	0.4463356973995272	0.4656572306341891	0.4628231525966598	0.5049645390070922	0.5118988848113027	0.05982922173709448	24
94	3.149814319610596	0.16699428908743746	0.0887535572052002	0.018407182661268742	644	sqrt	340	{'model__n_estimators': 644, 'model__max_features': 'sqrt', 'model__max_depth': 340}	0.7804878048780488	0.7560975609756098	0.7560975609756098	0.7804878048780488	0.7654320987654321	0.6790123456790124	0.6790123456790124	0.6904761904761905	0.7160493827160493	0.7530864197530864	0.73562395147761	0.03858570122009422	42	0.6209677419354839	0.5029121863799283	0.5097222222222223	0.5244175627240143	0.6169450163959429	0.450354609929078	0.4463356973995272	0.4656572306341891	0.4699153511782201	0.5049645390070922	0.5112192157805698	0.059332557592120826	30
95	3.2524736404418944	0.2859505555844832	0.0816695213317871	0.008045152881514292	644	sqrt	220	{'model__n_estimators': 644, 'model__max_features': 'sqrt', 'model__max_depth': 220}	0.7804878048780488	0.7560975609756098	0.7560975609756098	0.7804878048780488	0.7654320987654321	0.6790123456790124	0.6790123456790124	0.6904761904761905	0.7160493827160493	0.7530864197530864	0.73562395147761	0.03858570122009422	42	0.6209677419354839	0.5029121863799283	0.5097222222222223	0.5244175627240143	0.6169450163959429	0.450354609929078	0.4463356973995272	0.4656572306341891	0.4699153511782201	0.5049645390070922	0.5112192157805698	0.059332557592120826	30
96	2.2316864252090456	0.10010544969050078	0.06247975826263428	0.005942493995191933	466	sqrt	380	{'model__n_estimators': 466, 'model__max_features': 'sqrt', 'model__max_depth': 380}	0.7560975609756098	0.7560975609756098	0.7682926829268293	0.7682926829268293	0.7530864197530864	0.6790123456790124	0.6790123456790124	0.6904761904761905	0.7283950617283951	0.7530864197530864	0.7331849270873662	0.03467497886109928	66	0.5994623655913978	0.5029121863799283	0.5166666666666666	0.5136648745519713	0.6098528178143826	0.450354609929078	0.4463356973995272	0.4656572306341891	0.4806680393502631	0.5049645390070922	0.5090539027324497	0.05341907795389102	49
97	2.604966878890991	0.07533828927177093	0.06989862918853759	0.0033969211636234644	555	sqrt	420	{'model__n_estimators': 555, 'model__max_features': 'sqrt', 'model__max_depth': 420}	0.7804878048780488	0.7560975609756098	0.7682926829268293	0.7682926829268293	0.7530864197530864	0.6790123456790124	0.6790123456790124	0.6904761904761905	0.7160493827160493	0.7530864197530864	0.7343893835763754	0.03740627215075771	59	0.6209677419354839	0.5029121863799283	0.5166666666666666	0.5136648745519713	0.6098528178143826	0.450354609929078	0.4463356973995272	0.4656572306341891	0.4699153511782201	0.5049645390070922	0.5101291715496539	0.05796680350907928	42
98	1.7122756242752075	0.05648351833950346	0.0486952543258667	0.0014806855667736005	377	sqrt	500	{'model__n_estimators': 377, 'model__max_features': 'sqrt', 'model__max_depth': 500}	0.7560975609756098	0.7439024390243902	0.7682926829268293	0.7804878048780488	0.7530864197530864	0.6790123456790124	0.6790123456790124	0.6904761904761905	0.7530864197530864	0.7530864197530864	0.7356540628898353	0.035959123837843415	26	0.5994623655913978	0.49215949820788535	0.5166666666666666	0.5244175627240143	0.6098528178143826	0.450354609929078	0.4463356973995272	0.4656572306341891	0.6025318386334172	0.5049645390070922	0.5212402826607649	0.059536332444080214	6
99	2.31841835975647	0.41684714274842605	0.08972952365875245	0.03460524831358542	1000	log2	500	{'model__n_estimators': 1000, 'model__max_features': 'log2', 'model__max_depth': 500}	0.7682926829268293	0.7560975609756098	0.7439024390243902	0.7804878048780488	0.7654320987654321	0.6790123456790124	0.6790123456790124	0.6904761904761905	0.7283950617283951	0.7407407407407407	0.733184927087366	0.03594893206807265	72	0.6064068100358423	0.49910394265232977	0.5027777777777778	0.5244175627240143	0.5129261038663921	0.450354609929078	0.450354609929078	0.4656572306341891	0.4806680393502631	0.49385342789598113	0.49865201147949456	0.04312344995438422	69
