	mean_fit_time	std_fit_time	mean_score_time	std_score_time	param_subsample	param_n_estimators	param_min_child_weight	param_max_depth	param_gamma	param_eta	param_colsample_bytree	params	split0_test_accuracy	split1_test_accuracy	split2_test_accuracy	split3_test_accuracy	split4_test_accuracy	split5_test_accuracy	split6_test_accuracy	split7_test_accuracy	split8_test_accuracy	split9_test_accuracy	mean_test_accuracy	std_test_accuracy	rank_test_accuracy	split0_test_balanced_accuracy	split1_test_balanced_accuracy	split2_test_balanced_accuracy	split3_test_balanced_accuracy	split4_test_balanced_accuracy	split5_test_balanced_accuracy	split6_test_balanced_accuracy	split7_test_balanced_accuracy	split8_test_balanced_accuracy	split9_test_balanced_accuracy	mean_test_balanced_accuracy	std_test_balanced_accuracy	rank_test_balanced_accuracy
0	0.45794942378997805	0.02265310942815431	0.01838984489440918	0.0021860850395446383	1	200	4	10	3	0.01	0.8	{'subsample': 1, 'n_estimators': 200, 'min_child_weight': 4, 'max_depth': 10, 'gamma': 3, 'eta': 0.01, 'colsample_bytree': 0.8}	0.7073170731707317	0.5975609756097561	0.5853658536585366	0.6951219512195121	0.6419753086419753	0.6296296296296297	0.654320987654321	0.6904761904761905	0.7037037037037037	0.691358024691358	0.6596829698455714	0.042475848489183045	71	0.4751344086021505	0.7403673835125448	0.4930555555555555	0.5837813620071685	0.6500419431098909	0.5825059101654846	0.524468085106383	0.6266183892912004	0.6891634256081751	0.6380614657210402	0.6003197928679593	0.08100382319045603	93
1	1.144822072982788	0.040766113849387844	0.016879725456237792	0.0014343175246179054	1	1000	5	8	9	0.07333333333333333	0.9	{'subsample': 1, 'n_estimators': 1000, 'min_child_weight': 5, 'max_depth': 8, 'gamma': 9, 'eta': 0.07333333333333333, 'colsample_bytree': 0.9}	0.6585365853658537	0.6219512195121951	0.5365853658536586	0.6707317073170732	0.691358024691358	0.5061728395061729	0.6296296296296297	0.5833333333333334	0.691358024691358	0.6419753086419753	0.6231632038542607	0.05998430681689364	99	0.4435483870967742	0.7542562724014337	0.6180555555555555	0.5698924731182796	0.6820712270266148	0.5878250591016548	0.6627659574468084	0.565393899495282	0.6820712270266148	0.6778959810874704	0.6243776039356488	0.08269608730360165	56
2	0.36908693313598634	0.008886413263908806	0.017653632164001464	0.002140839104677985	1	288	5	9	3	0.11555555555555555	0.8	{'subsample': 1, 'n_estimators': 288, 'min_child_weight': 5, 'max_depth': 9, 'gamma': 3, 'eta': 0.11555555555555555, 'colsample_bytree': 0.8}	0.7439024390243902	0.6585365853658537	0.6463414634146342	0.7195121951219512	0.691358024691358	0.6296296296296297	0.6790123456790124	0.7023809523809523	0.7037037037037037	0.7654320987654321	0.6939809437776917	0.04038838092287248	35	0.5073924731182796	0.7788978494623656	0.5319444444444444	0.5938620071684587	0.578052314497064	0.6587470449172577	0.5386524822695035	0.6334211103796358	0.5851445130786243	0.6806146572104019	0.6086728896546035	0.07747932060281834	80
3	0.7104604721069336	0.04951884465871983	0.01807258129119873	0.0012074338827449962	0.8	200	1	9	0	0.052222222222222225	1	{'subsample': 0.8, 'n_estimators': 200, 'min_child_weight': 1, 'max_depth': 9, 'gamma': 0, 'eta': 0.052222222222222225, 'colsample_bytree': 1}	0.7926829268292683	0.6951219512195121	0.7195121951219512	0.7926829268292683	0.6296296296296297	0.7283950617283951	0.7283950617283951	0.7261904761904762	0.8271604938271605	0.7654320987654321	0.7405202821869488	0.053728463735755176	7	0.5313620071684587	0.5761648745519713	0.49722222222222223	0.6507616487455197	0.43491191946922897	0.6432624113475177	0.5630023640661939	0.650976519640114	0.7674063906047434	0.5963356973995272	0.5911406055215498	0.08875014538873788	99
4	0.37852394580841064	0.014389625760110054	0.01645803451538086	0.0014319262502125146	0.7	288	4	7	5	0.1788888888888889	1	{'subsample': 0.7, 'n_estimators': 288, 'min_child_weight': 4, 'max_depth': 7, 'gamma': 5, 'eta': 0.1788888888888889, 'colsample_bytree': 1}	0.7195121951219512	0.6341463414634146	0.6463414634146342	0.7317073170731707	0.6296296296296297	0.6419753086419753	0.6666666666666666	0.6666666666666666	0.7407407407407407	0.7407407407407407	0.681812707015959	0.043766355014332986	48	0.5824372759856631	0.66084229390681	0.6041666666666666	0.6084229390681003	0.5462518111797453	0.6738770685579197	0.6078014184397164	0.6130129471143296	0.710440021352856	0.7466903073286053	0.6353942749600412	0.05819186075376317	34
5	0.5125214576721191	0.017189260690237036	0.0161113977432251	0.0007295294397267326	0.6	377	1	9	7	0.03111111111111111	1	{'subsample': 0.6, 'n_estimators': 377, 'min_child_weight': 1, 'max_depth': 9, 'gamma': 7, 'eta': 0.03111111111111111, 'colsample_bytree': 1}	0.7317073170731707	0.6585365853658537	0.6341463414634146	0.7195121951219512	0.6666666666666666	0.6049382716049383	0.6419753086419753	0.6785714285714286	0.7037037037037037	0.6790123456790124	0.6718770163892115	0.03736451202780297	57	0.5931899641577061	0.775089605734767	0.6777777777777777	0.6052867383512545	0.6642263402730114	0.6445626477541371	0.5936170212765958	0.619815668202765	0.793182338137726	0.7031914893617021	0.6669939591027442	0.06812512613481622	1
6	0.4662104368209839	0.012764701097997455	0.017034029960632323	0.001157014995212164	0.9	377	5	4	7	0.1788888888888889	0.8	{'subsample': 0.9, 'n_estimators': 377, 'min_child_weight': 5, 'max_depth': 4, 'gamma': 7, 'eta': 0.1788888888888889, 'colsample_bytree': 0.8}	0.7073170731707317	0.6463414634146342	0.6219512195121951	0.7073170731707317	0.6419753086419753	0.5802469135802469	0.6419753086419753	0.6428571428571429	0.6790123456790124	0.691358024691358	0.6560351873360004	0.038215029887347665	75	0.4789426523297491	0.7719534050179212	0.6708333333333334	0.5945340501792115	0.5460230305803401	0.6303782505910166	0.5173758865248227	0.5994075049374589	0.6749790284450544	0.7102836879432624	0.6194710829882171	0.08598061116380726	61
7	0.2876507043838501	0.02450640657050703	0.016996002197265624	0.001507188727872061	0.6	200	1	4	5	0.1788888888888889	1	{'subsample': 0.6, 'n_estimators': 200, 'min_child_weight': 1, 'max_depth': 4, 'gamma': 5, 'eta': 0.1788888888888889, 'colsample_bytree': 1}	0.7317073170731707	0.6951219512195121	0.5975609756097561	0.6829268292682927	0.7037037037037037	0.6296296296296297	0.6296296296296297	0.6785714285714286	0.7530864197530864	0.7530864197530864	0.6855024304211296	0.050720623051104884	44	0.492831541218638	0.8035394265232975	0.5	0.5730286738351255	0.5888050026691071	0.6667848699763593	0.5825059101654846	0.6237656352863726	0.8215511324639669	0.6775413711583925	0.6330353563296744	0.10643375659239998	37
8	0.3734764337539673	0.012391874289792711	0.016916394233703613	0.0011025882639034295	1	288	5	10	5	0.1366666666666667	0.8	{'subsample': 1, 'n_estimators': 288, 'min_child_weight': 5, 'max_depth': 10, 'gamma': 5, 'eta': 0.1366666666666667, 'colsample_bytree': 0.8}	0.6829268292682927	0.6341463414634146	0.573170731707317	0.6829268292682927	0.6790123456790124	0.6049382716049383	0.6790123456790124	0.6190476190476191	0.7160493827160493	0.7283950617283951	0.6599625758162342	0.04744496419485086	68	0.46886200716845877	0.7612007168458782	0.5625	0.5730286738351255	0.6749790284450544	0.648581560283688	0.6148936170212765	0.5897520298441957	0.6032181804316327	0.659338061465721	0.615635387534103	0.07396764084884645	68
9	0.43875162601470946	0.010277732948203949	0.017110514640808105	0.0010032795909706534	1	288	2	5	9	0.01	0.7	{'subsample': 1, 'n_estimators': 288, 'min_child_weight': 2, 'max_depth': 5, 'gamma': 9, 'eta': 0.01, 'colsample_bytree': 0.7}	0.6829268292682927	0.6219512195121951	0.5487804878048781	0.6951219512195121	0.6790123456790124	0.5308641975308642	0.5802469135802469	0.5833333333333334	0.6790123456790124	0.6666666666666666	0.6267916290274015	0.05850683087660701	97	0.4650537634408602	0.7542562724014337	0.6291666666666667	0.587589605734767	0.6713185388545718	0.6020094562647754	0.6303782505910166	0.5614439324116743	0.6749790284450544	0.692080378250591	0.6268275893061411	0.07577165189445673	52
10	0.8049638986587524	0.03145955616556197	0.017571282386779786	0.0006094127756376284	0.8	555	1	6	3	0.03111111111111111	1	{'subsample': 0.8, 'n_estimators': 555, 'min_child_weight': 1, 'max_depth': 6, 'gamma': 3, 'eta': 0.03111111111111111, 'colsample_bytree': 1}	0.7682926829268293	0.6585365853658537	0.6829268292682927	0.7073170731707317	0.6790123456790124	0.6666666666666666	0.6666666666666666	0.7023809523809523	0.7777777777777778	0.7901234567901234	0.7099701036692907	0.04751221033748473	22	0.5174731182795699	0.7712813620071685	0.6333333333333333	0.5907258064516129	0.5709601159155037	0.6840425531914893	0.5275413711583924	0.6334211103796358	0.7353771066880195	0.7750591016548464	0.6439214979059572	0.09016677458254943	23
11	1.1343664169311523	0.04979597058863133	0.017462325096130372	0.0010813594339511828	0.6	911	3	3	9	0.2	0.7	{'subsample': 0.6, 'n_estimators': 911, 'min_child_weight': 3, 'max_depth': 3, 'gamma': 9, 'eta': 0.2, 'colsample_bytree': 0.7}	0.6951219512195121	0.6463414634146342	0.5853658536585366	0.6829268292682927	0.6666666666666666	0.5679012345679012	0.6172839506172839	0.6666666666666666	0.7407407407407407	0.7037037037037037	0.6572719060523937	0.05125074702316373	74	0.5685483870967741	0.6677867383512545	0.5611111111111111	0.5730286738351255	0.6642263402730114	0.5390070921985816	0.5794326241134752	0.6169629141979373	0.8144589338824068	0.7133569739952718	0.629791978905495	0.08145353077969673	45
12	0.6089271545410156	0.0071164052409471	0.017374706268310548	0.0010197660346167225	0.8	466	4	5	5	0.09444444444444444	1	{'subsample': 0.8, 'n_estimators': 466, 'min_child_weight': 4, 'max_depth': 5, 'gamma': 5, 'eta': 0.09444444444444444, 'colsample_bytree': 1}	0.7195121951219512	0.6707317073170732	0.6097560975609756	0.7195121951219512	0.6296296296296297	0.6049382716049383	0.654320987654321	0.6666666666666666	0.7654320987654321	0.691358024691358	0.6731857874134297	0.04910649064244539	52	0.482078853046595	0.78584229390681	0.5833333333333334	0.5976702508960573	0.5389308319987799	0.6445626477541371	0.5966903073286053	0.6130129471143296	0.731945397696942	0.6340425531914894	0.6208109416267079	0.08298135622699469	58
13	0.8079516887664795	0.020885580035074288	0.017576217651367188	0.0007320166608702701	0.9	644	3	4	9	0.09444444444444444	1	{'subsample': 0.9, 'n_estimators': 644, 'min_child_weight': 3, 'max_depth': 4, 'gamma': 9, 'eta': 0.09444444444444444, 'colsample_bytree': 1}	0.7195121951219512	0.6341463414634146	0.5487804878048781	0.7073170731707317	0.6666666666666666	0.5185185185185185	0.6296296296296297	0.6190476190476191	0.6790123456790124	0.6666666666666666	0.6389297543769088	0.06119319448235663	88	0.482078853046595	0.7612007168458782	0.6208333333333333	0.59834229390681	0.5602074277434607	0.5949172576832151	0.5865248226950355	0.5818520956769805	0.6749790284450544	0.692080378250591	0.6153016207626953	0.0736256127134789	70
14	0.9304462909698487	0.01726080494627666	0.017447686195373534	0.0003924338590062048	0.6	733	2	10	5	0.1788888888888889	0.9	{'subsample': 0.6, 'n_estimators': 733, 'min_child_weight': 2, 'max_depth': 10, 'gamma': 5, 'eta': 0.1788888888888889, 'colsample_bytree': 0.9}	0.7439024390243902	0.6829268292682927	0.6219512195121951	0.7439024390243902	0.7037037037037037	0.6666666666666666	0.6666666666666666	0.7142857142857143	0.7901234567901234	0.7530864197530864	0.7087215554695229	0.047809753192179075	24	0.5963261648745519	0.7927867383512545	0.5138888888888888	0.6191756272401433	0.5888050026691071	0.6880614657210402	0.6078014184397164	0.6481237656352864	0.8391672386181651	0.6775413711583925	0.6571677681596546	0.09260240571932078	8
15	1.1271738529205322	0.025343909623544637	0.017816925048828126	0.00032038819951070734	1	911	5	3	7	0.07333333333333333	0.7	{'subsample': 1, 'n_estimators': 911, 'min_child_weight': 5, 'max_depth': 3, 'gamma': 7, 'eta': 0.07333333333333333, 'colsample_bytree': 0.7}	0.6951219512195121	0.6463414634146342	0.5487804878048781	0.6951219512195121	0.7037037037037037	0.5308641975308642	0.6172839506172839	0.5952380952380952	0.691358024691358	0.6419753086419753	0.6365789134081816	0.05954075499119324	90	0.47199820788530467	0.764336917562724	0.625	0.5837813620071685	0.6855029360176923	0.6020094562647754	0.5031914893617021	0.576146587667325	0.5817128040875467	0.6819148936170212	0.607559465447126	0.08246684462445672	83
16	0.3863141775131226	0.009984764543698654	0.017181706428527833	0.0005502284182349547	0.6	288	4	4	9	0.1788888888888889	0.7	{'subsample': 0.6, 'n_estimators': 288, 'min_child_weight': 4, 'max_depth': 4, 'gamma': 9, 'eta': 0.1788888888888889, 'colsample_bytree': 0.7}	0.6829268292682927	0.6341463414634146	0.6219512195121951	0.6829268292682927	0.654320987654321	0.5555555555555556	0.6172839506172839	0.6785714285714286	0.7283950617283951	0.654320987654321	0.6510399191293501	0.04492789501576854	79	0.5654121863799283	0.7612007168458782	0.6625	0.5806451612903226	0.5494547395714177	0.5359338061465722	0.5834515366430261	0.6963462804476629	0.7033478227712956	0.6809692671394799	0.6319261517235584	0.07397473132108652	40
17	0.372572922706604	0.012942977741078866	0.018007802963256835	0.0008403270866734413	1	200	4	3	0	0.07333333333333333	0.8	{'subsample': 1, 'n_estimators': 200, 'min_child_weight': 4, 'max_depth': 3, 'gamma': 0, 'eta': 0.07333333333333333, 'colsample_bytree': 0.8}	0.7804878048780488	0.6707317073170732	0.6219512195121951	0.7560975609756098	0.7407407407407407	0.6790123456790124	0.7407407407407407	0.6904761904761905	0.8271604938271605	0.7777777777777778	0.728517658192455	0.05874595670023384	13	0.5320340501792115	0.6778673835125448	0.4333333333333333	0.6223118279569892	0.5243651338366506	0.6189125295508274	0.650354609929078	0.6345183234584156	0.6670479676656753	0.6195035460992907	0.5980248705522017	0.07321237617980232	95
18	0.8491717576980591	0.014574992977775737	0.017503070831298827	0.00046322531949848545	0.9	644	2	8	3	0.09444444444444444	0.7	{'subsample': 0.9, 'n_estimators': 644, 'min_child_weight': 2, 'max_depth': 8, 'gamma': 3, 'eta': 0.09444444444444444, 'colsample_bytree': 0.7}	0.7926829268292683	0.6951219512195121	0.6707317073170732	0.7195121951219512	0.6790123456790124	0.654320987654321	0.6666666666666666	0.6904761904761905	0.7530864197530864	0.7160493827160493	0.7037660773433131	0.04063750007632693	29	0.5313620071684587	0.799731182795699	0.6263888888888889	0.6014784946236559	0.5746206055059864	0.600709219858156	0.5275413711583924	0.6266183892912004	0.7248531991153816	0.6482269503546099	0.6261530308760429	0.07935996274799166	53
19	0.42769713401794435	0.010860110839798624	0.018194007873535156	0.000583407016584548	1	200	4	5	0	0.1577777777777778	0.7	{'subsample': 1, 'n_estimators': 200, 'min_child_weight': 4, 'max_depth': 5, 'gamma': 0, 'eta': 0.1577777777777778, 'colsample_bytree': 0.7}	0.7682926829268293	0.6829268292682927	0.6829268292682927	0.7439024390243902	0.6419753086419753	0.7407407407407407	0.7530864197530864	0.6904761904761905	0.8148148148148148	0.7654320987654321	0.7284574353680044	0.04947260823649356	14	0.5212813620071685	0.677195340501792	0.47222222222222215	0.6115591397849462	0.4493250972317548	0.6583924349881797	0.6534278959810874	0.6345183234584156	0.7566537024327004	0.6043735224586287	0.6038949041066897	0.09120470584625001	87
20	0.7877946376800538	0.01722824000951533	0.019626164436340333	0.001065621810206685	0.9	200	2	10	0	0.03111111111111111	1	{'subsample': 0.9, 'n_estimators': 200, 'min_child_weight': 2, 'max_depth': 10, 'gamma': 0, 'eta': 0.03111111111111111, 'colsample_bytree': 1}	0.7926829268292683	0.6829268292682927	0.7195121951219512	0.7439024390243902	0.654320987654321	0.7160493827160493	0.7037037037037037	0.7142857142857143	0.8148148148148148	0.7654320987654321	0.7307631092183937	0.046638861762957895	12	0.5351702508960573	0.7813620071684587	0.5736111111111111	0.6115591397849462	0.456417295813315	0.6321513002364066	0.47257683215130025	0.640223831468071	0.7603141920231832	0.6003546099290781	0.6063740570581928	0.1013527801453268	84
21	0.6498844861984253	0.014157988284404233	0.018669819831848143	0.001447432727426981	0.7	466	1	10	3	0.11555555555555555	0.7	{'subsample': 0.7, 'n_estimators': 466, 'min_child_weight': 1, 'max_depth': 10, 'gamma': 3, 'eta': 0.11555555555555555, 'colsample_bytree': 0.7}	0.7439024390243902	0.6463414634146342	0.6585365853658537	0.7073170731707317	0.7037037037037037	0.6790123456790124	0.6419753086419753	0.7142857142857143	0.8024691358024691	0.7530864197530864	0.705063018884157	0.048648034554999185	27	0.4997759856630824	0.5598118279569892	0.5472222222222222	0.5907258064516129	0.6928239151986578	0.6911347517730496	0.509338061465721	0.6481237656352864	0.7532219934416228	0.7537825059101655	0.624596083571841	0.09114006691563267	55
22	0.8272539854049683	0.025265405764815566	0.018486642837524415	0.0011925921214952354	1	644	4	3	5	0.09444444444444444	0.7	{'subsample': 1, 'n_estimators': 644, 'min_child_weight': 4, 'max_depth': 3, 'gamma': 5, 'eta': 0.09444444444444444, 'colsample_bytree': 0.7}	0.7073170731707317	0.6829268292682927	0.5853658536585366	0.7073170731707317	0.6790123456790124	0.5802469135802469	0.6666666666666666	0.6428571428571429	0.7037037037037037	0.6790123456790124	0.6634425947434078	0.044482604042963676	61	0.5869175627240143	0.7927867383512545	0.5694444444444444	0.5945340501792115	0.6713185388545718	0.6343971631205674	0.6078014184397164	0.6033574720210665	0.7001448943796232	0.6991725768321513	0.6459874859346622	0.06584735380788838	21
23	0.7515885829925537	0.03402042991495478	0.018721532821655274	0.001689464315530427	0.7	555	5	9	7	0.1366666666666667	1	{'subsample': 0.7, 'n_estimators': 555, 'min_child_weight': 5, 'max_depth': 9, 'gamma': 7, 'eta': 0.1366666666666667, 'colsample_bytree': 1}	0.7195121951219512	0.6585365853658537	0.6097560975609756	0.7195121951219512	0.6790123456790124	0.5925925925925926	0.6666666666666666	0.6547619047619048	0.7777777777777778	0.7160493827160493	0.6794177743364734	0.05275390283024941	49	0.5862455197132616	0.7788978494623656	0.5833333333333334	0.6014784946236559	0.5709601159155037	0.5612293144208037	0.6118203309692671	0.598310291858679	0.8357355296270876	0.724468085106383	0.6452478865030341	0.09249458258124851	22
24	0.5231266736984252	0.011628287825506695	0.019230866432189943	0.0016994804055452605	0.7	377	1	7	9	0.07333333333333333	0.9	{'subsample': 0.7, 'n_estimators': 377, 'min_child_weight': 1, 'max_depth': 7, 'gamma': 9, 'eta': 0.07333333333333333, 'colsample_bytree': 0.9}	0.7073170731707317	0.6219512195121951	0.6097560975609756	0.7317073170731707	0.691358024691358	0.5925925925925926	0.6296296296296297	0.6190476190476191	0.7283950617283951	0.6666666666666666	0.6598421301673334	0.04919514715564652	69	0.5754928315412186	0.7542562724014337	0.6638888888888889	0.6160394265232975	0.6784107374361321	0.6374704491725768	0.5865248226950355	0.5858020627605881	0.7033478227712956	0.692080378250591	0.6493313692441057	0.05611935580064035	18
25	0.39219956398010253	0.012108357918298701	0.018967247009277342	0.001773797030340882	1	288	5	8	9	0.1366666666666667	0.8	{'subsample': 1, 'n_estimators': 288, 'min_child_weight': 5, 'max_depth': 8, 'gamma': 9, 'eta': 0.1366666666666667, 'colsample_bytree': 0.8}	0.6585365853658537	0.6341463414634146	0.5487804878048781	0.6829268292682927	0.691358024691358	0.5432098765432098	0.6296296296296297	0.5714285714285714	0.6666666666666666	0.654320987654321	0.6281004000516196	0.051824067283019234	95	0.4435483870967742	0.7573924731182796	0.6291666666666667	0.5806451612903226	0.6784107374361321	0.6091016548463357	0.5865248226950355	0.5625411454904542	0.6678868298634941	0.6849881796690308	0.6200206058172526	0.08131051459097469	59
26	0.9405614614486695	0.026841866229187664	0.017992568016052247	0.0009121135183634572	0.8	733	1	4	7	0.2	0.7	{'subsample': 0.8, 'n_estimators': 733, 'min_child_weight': 1, 'max_depth': 4, 'gamma': 7, 'eta': 0.2, 'colsample_bytree': 0.7}	0.7073170731707317	0.6585365853658537	0.6585365853658537	0.6829268292682927	0.6419753086419753	0.5802469135802469	0.6296296296296297	0.6666666666666666	0.7283950617283951	0.6790123456790124	0.6633242999096658	0.039178974296919064	62	0.5716845878136201	0.7827060931899642	0.611111111111111	0.576836917562724	0.4383436284603066	0.6303782505910166	0.5143026004728132	0.6130129471143296	0.8037062457103638	0.7794326241134751	0.6321515006139725	0.11522472699085584	38
27	0.6065844058990478	0.01072361688251551	0.017975640296936036	0.0004300678240776621	0.8	377	5	7	3	0.03111111111111111	0.8	{'subsample': 0.8, 'n_estimators': 377, 'min_child_weight': 5, 'max_depth': 7, 'gamma': 3, 'eta': 0.03111111111111111, 'colsample_bytree': 0.8}	0.7560975609756098	0.7073170731707317	0.6707317073170732	0.7317073170731707	0.6666666666666666	0.6790123456790124	0.654320987654321	0.7023809523809523	0.7901234567901234	0.7530864197530864	0.7111444487460747	0.04290071644546142	21	0.5105286738351255	0.810483870967742	0.6222222222222222	0.6084229390681003	0.5638679173339434	0.6911347517730496	0.5966903073286053	0.6334211103796358	0.7461297948600625	0.7497635933806146	0.6532665181149102	0.08889441917053721	14
28	0.9789432525634766	0.04362012505893311	0.021416020393371583	0.0033274569313594547	1	466	2	6	0	0.1366666666666667	1	{'subsample': 1, 'n_estimators': 466, 'min_child_weight': 2, 'max_depth': 6, 'gamma': 0, 'eta': 0.1366666666666667, 'colsample_bytree': 1}	0.7804878048780488	0.7073170731707317	0.7195121951219512	0.7804878048780488	0.6419753086419753	0.691358024691358	0.7037037037037037	0.6904761904761905	0.8148148148148148	0.7283950617283951	0.7258527982105217	0.04923602053194032	15	0.5244175627240143	0.6948924731182795	0.5694444444444444	0.6400089605734767	0.5496835201708229	0.541725768321513	0.5447990543735225	0.630568356374808	0.7566537024327004	0.4988179669030733	0.5951011809436655	0.07854874297926509	96
29	0.8897210597991944	0.046814499751728085	0.018412470817565918	0.0008873508867358507	0.7	644	5	3	9	0.1788888888888889	0.8	{'subsample': 0.7, 'n_estimators': 644, 'min_child_weight': 5, 'max_depth': 3, 'gamma': 9, 'eta': 0.1788888888888889, 'colsample_bytree': 0.8}	0.7317073170731707	0.6341463414634146	0.6097560975609756	0.6707317073170732	0.6666666666666666	0.5925925925925926	0.6419753086419753	0.6190476190476191	0.7283950617283951	0.6790123456790124	0.6574031057770895	0.04473485826383395	73	0.5931899641577061	0.7612007168458782	0.6555555555555556	0.5698924731182796	0.5528864485624952	0.6414893617021277	0.5976359338061465	0.5818520956769805	0.8073667353008465	0.7031914893617021	0.6464260774087718	0.08148408401766195	19
30	1.0341604709625245	0.05874441525708262	0.02336721420288086	0.0018565742008224148	0.8	377	5	7	0	0.03111111111111111	0.7	{'subsample': 0.8, 'n_estimators': 377, 'min_child_weight': 5, 'max_depth': 7, 'gamma': 0, 'eta': 0.03111111111111111, 'colsample_bytree': 0.7}	0.7804878048780488	0.6951219512195121	0.6707317073170732	0.7439024390243902	0.6172839506172839	0.7283950617283951	0.7530864197530864	0.7380952380952381	0.8148148148148148	0.7901234567901234	0.7332042844237966	0.05610990359146069	10	0.5282258064516129	0.7883064516129031	0.4694444444444444	0.6153673835125447	0.43148021047815144	0.6513002364066194	0.6574468085106383	0.6656791748957648	0.7603141920231832	0.6145390070921986	0.6182103715428061	0.10914766797963096	62
31	1.3118054389953613	0.10332420395537634	0.020818638801574706	0.0010882876359949885	0.7	822	3	7	3	0.1366666666666667	0.9	{'subsample': 0.7, 'n_estimators': 822, 'min_child_weight': 3, 'max_depth': 7, 'gamma': 3, 'eta': 0.1366666666666667, 'colsample_bytree': 0.9}	0.7560975609756098	0.6707317073170732	0.6463414634146342	0.7195121951219512	0.6296296296296297	0.6790123456790124	0.691358024691358	0.7261904761904762	0.7530864197530864	0.7530864197530864	0.7025046242525917	0.04357778510796569	30	0.6070788530465949	0.5775089605734767	0.5402777777777777	0.6014784946236559	0.5425913215892625	0.6229314420803783	0.6179669030732861	0.6549264867237218	0.721192709524899	0.6775413711583925	0.6163494320171445	0.05414196204547862	66
32	1.0838057041168212	0.03555602521211341	0.021485376358032226	0.0030301315090371086	0.9	733	2	3	5	0.11555555555555555	0.7	{'subsample': 0.9, 'n_estimators': 733, 'min_child_weight': 2, 'max_depth': 3, 'gamma': 5, 'eta': 0.11555555555555555, 'colsample_bytree': 0.7}	0.7682926829268293	0.6951219512195121	0.6341463414634146	0.7073170731707317	0.6296296296296297	0.5802469135802469	0.6296296296296297	0.6904761904761905	0.7901234567901234	0.6666666666666666	0.6791650535552974	0.06189168857939913	50	0.7219982078853047	0.807347670250896	0.6013888888888889	0.5869175627240143	0.5425913215892625	0.6303782505910166	0.5062647754137116	0.6266183892912004	0.8501487073896133	0.6960992907801419	0.6569753064804049	0.10540906873577996	9
33	0.8747972249984741	0.04312433864125198	0.021120572090148927	0.001180209098819381	1	555	3	6	3	0.07333333333333333	0.8	{'subsample': 1, 'n_estimators': 555, 'min_child_weight': 3, 'max_depth': 6, 'gamma': 3, 'eta': 0.07333333333333333, 'colsample_bytree': 0.8}	0.7439024390243902	0.6463414634146342	0.6463414634146342	0.6951219512195121	0.691358024691358	0.6419753086419753	0.691358024691358	0.7142857142857143	0.7407407407407407	0.7530864197530864	0.6964511549877404	0.039726620083482295	34	0.5073924731182796	0.7719534050179212	0.5277777777777778	0.5799731182795699	0.5853732936780294	0.6618203309692672	0.5497635933806146	0.6441737985516788	0.606421108823305	0.6695035460992907	0.6104152445695734	0.07487267068731693	77
34	0.3421753406524658	0.013502662300164388	0.023599982261657715	0.009590202942190273	0.8	200	3	4	7	0.1788888888888889	0.8	{'subsample': 0.8, 'n_estimators': 200, 'min_child_weight': 3, 'max_depth': 4, 'gamma': 7, 'eta': 0.1788888888888889, 'colsample_bytree': 0.8}	0.6951219512195121	0.6707317073170732	0.5853658536585366	0.6829268292682927	0.5925925925925926	0.5679012345679012	0.6419753086419753	0.6547619047619048	0.7160493827160493	0.6666666666666666	0.6474093431410505	0.047353580596928874	82	0.5647401433691756	0.7820340501792115	0.5652777777777778	0.5730286738351255	0.517654236254099	0.6232860520094562	0.5173758865248227	0.6062102260258942	0.8002745367192862	0.6960992907801419	0.624598087347499	0.09684803501381377	54
35	1.0616216897964477	0.05059607538153719	0.02093813419342041	0.0006158580939146323	0.7	644	3	3	3	0.052222222222222225	0.7	{'subsample': 0.7, 'n_estimators': 644, 'min_child_weight': 3, 'max_depth': 3, 'gamma': 3, 'eta': 0.052222222222222225, 'colsample_bytree': 0.7}	0.7560975609756098	0.7073170731707317	0.6707317073170732	0.6707317073170732	0.7037037037037037	0.6666666666666666	0.6666666666666666	0.6904761904761905	0.7901234567901234	0.7407407407407407	0.7063255473824579	0.040770460304693855	25	0.6146953405017921	0.8066756272401433	0.5458333333333333	0.5698924731182796	0.6964844047891404	0.6880614657210402	0.5315602836879433	0.6226684222075928	0.7424693052695798	0.7466903073286053	0.656503096319745	0.08883846205217888	11
36	0.8203917026519776	0.01986456069501255	0.020442962646484375	0.0003991839073039524	0.9	555	2	4	9	0.11555555555555555	1	{'subsample': 0.9, 'n_estimators': 555, 'min_child_weight': 2, 'max_depth': 4, 'gamma': 9, 'eta': 0.11555555555555555, 'colsample_bytree': 1}	0.7073170731707317	0.6219512195121951	0.573170731707317	0.7439024390243902	0.6790123456790124	0.5185185185185185	0.6419753086419753	0.5952380952380952	0.6790123456790124	0.6666666666666666	0.6426764743837915	0.06369293308429222	85	0.4751344086021505	0.7504480286738352	0.6388888888888888	0.6191756272401433	0.567299626325021	0.5908983451536644	0.5936170212765958	0.5682466535001097	0.6749790284450544	0.692080378250591	0.6170768006356054	0.07313803877781232	64
37	0.8071992874145508	0.010323672945373352	0.020110321044921876	0.0009466951629383458	1	555	2	10	7	0.1577777777777778	0.7	{'subsample': 1, 'n_estimators': 555, 'min_child_weight': 2, 'max_depth': 10, 'gamma': 7, 'eta': 0.1577777777777778, 'colsample_bytree': 0.7}	0.6341463414634146	0.6463414634146342	0.573170731707317	0.7195121951219512	0.6666666666666666	0.5925925925925926	0.654320987654321	0.5833333333333334	0.6790123456790124	0.6419753086419753	0.6391071966275219	0.04330760778183066	86	0.4372759856630824	0.7757616487455197	0.6388888888888888	0.6052867383512545	0.5602074277434607	0.6414893617021277	0.676950354609929	0.5614439324116743	0.5782810950964691	0.6778959810874704	0.6153481414299876	0.08591166446008489	69
38	0.9631540298461914	0.0072683352541520205	0.01995069980621338	0.0006787654684169562	0.6	644	1	5	7	0.09444444444444444	0.8	{'subsample': 0.6, 'n_estimators': 644, 'min_child_weight': 1, 'max_depth': 5, 'gamma': 7, 'eta': 0.09444444444444444, 'colsample_bytree': 0.8}	0.7439024390243902	0.6463414634146342	0.6219512195121951	0.6829268292682927	0.6790123456790124	0.6049382716049383	0.6296296296296297	0.6785714285714286	0.7407407407407407	0.691358024691358	0.671937239213662	0.044651383850844176	55	0.6001344086021505	0.7681451612903226	0.6666666666666666	0.5692204301075269	0.6713185388545718	0.648581560283688	0.5865248226950355	0.619815668202765	0.8107984442919239	0.7102836879432624	0.6651489388937912	0.07472617770520226	3
39	0.8578198671340942	0.025877228528933788	0.023543453216552733	0.007725399696110183	0.7	555	5	3	9	0.052222222222222225	0.8	{'subsample': 0.7, 'n_estimators': 555, 'min_child_weight': 5, 'max_depth': 3, 'gamma': 9, 'eta': 0.052222222222222225, 'colsample_bytree': 0.8}	0.7317073170731707	0.6463414634146342	0.6097560975609756	0.7195121951219512	0.6666666666666666	0.6049382716049383	0.6049382716049383	0.6309523809523809	0.7160493827160493	0.6666666666666666	0.6597528713382371	0.04640238091956545	70	0.5893817204301075	0.7681451612903226	0.6555555555555556	0.6014784946236559	0.6642263402730114	0.6445626477541371	0.5683215130023641	0.5926047838490235	0.8002745367192862	0.6960992907801419	0.6580650044277604	0.07367003006686439	7
40	0.7479487895965576	0.01843721122930098	0.021234583854675294	0.0016348058981269255	0.9	466	5	5	9	0.03111111111111111	0.9	{'subsample': 0.9, 'n_estimators': 466, 'min_child_weight': 5, 'max_depth': 5, 'gamma': 9, 'eta': 0.03111111111111111, 'colsample_bytree': 0.9}	0.7073170731707317	0.6219512195121951	0.5609756097560976	0.6951219512195121	0.6666666666666666	0.5432098765432098	0.6296296296296297	0.5714285714285714	0.691358024691358	0.6790123456790124	0.6366670968296985	0.05751363530939882	89	0.4751344086021505	0.7542562724014337	0.6319444444444444	0.587589605734767	0.5602074277434607	0.6091016548463357	0.5825059101654846	0.554641211323239	0.6820712270266148	0.7031914893617021	0.6140643651649633	0.07745756052930128	74
41	0.6683858156204223	0.015209435856037897	0.021158432960510253	0.0010936427923350883	0.8	377	5	9	5	0.03111111111111111	0.8	{'subsample': 0.8, 'n_estimators': 377, 'min_child_weight': 5, 'max_depth': 9, 'gamma': 5, 'eta': 0.03111111111111111, 'colsample_bytree': 0.8}	0.7195121951219512	0.6463414634146342	0.5975609756097561	0.7195121951219512	0.6790123456790124	0.6049382716049383	0.654320987654321	0.6785714285714286	0.7037037037037037	0.7160493827160493	0.6719522949197746	0.04308361169769787	54	0.482078853046595	0.7681451612903226	0.5763888888888888	0.6014784946236559	0.6713185388545718	0.6445626477541371	0.5966903073286053	0.619815668202765	0.6891634256081751	0.724468085106383	0.63741100707041	0.07724003313407617	31
42	1.2652475118637085	0.05200311307018161	0.020502805709838867	0.000308556826368139	0.6	822	2	10	9	0.052222222222222225	0.7	{'subsample': 0.6, 'n_estimators': 822, 'min_child_weight': 2, 'max_depth': 10, 'gamma': 9, 'eta': 0.052222222222222225, 'colsample_bytree': 0.7}	0.6951219512195121	0.6219512195121951	0.5853658536585366	0.6951219512195121	0.654320987654321	0.6172839506172839	0.6049382716049383	0.6904761904761905	0.7160493827160493	0.6790123456790124	0.655964210435755	0.0431771921325844	76	0.5647401433691756	0.7542562724014337	0.6416666666666666	0.587589605734767	0.6498131625104858	0.6556737588652483	0.5683215130023641	0.6345183234584156	0.8002745367192862	0.7031914893617021	0.6560045472089545	0.07355108720751391	12
43	1.3474597215652466	0.04848135434441264	0.021442747116088866	0.0017665700619819368	0.9	911	5	5	3	0.2	0.7	{'subsample': 0.9, 'n_estimators': 911, 'min_child_weight': 5, 'max_depth': 5, 'gamma': 3, 'eta': 0.2, 'colsample_bytree': 0.7}	0.7560975609756098	0.6585365853658537	0.6097560975609756	0.6951219512195121	0.6790123456790124	0.654320987654321	0.6790123456790124	0.7023809523809523	0.7283950617283951	0.7037037037037037	0.6866337591947348	0.03878214251149206	43	0.5029121863799283	0.7788978494623656	0.5791666666666666	0.5837813620071685	0.5746206055059864	0.6809692671394799	0.5386524822695035	0.6373710774632434	0.7070083123617783	0.5689125295508274	0.6152292338806947	0.08036524213107614	71
44	1.4928061723709107	0.07661956434536941	0.022325301170349122	0.004208201916706729	0.6	1000	3	8	7	0.11555555555555555	0.7	{'subsample': 0.6, 'n_estimators': 1000, 'min_child_weight': 3, 'max_depth': 8, 'gamma': 7, 'eta': 0.11555555555555555, 'colsample_bytree': 0.7}	0.7439024390243902	0.6585365853658537	0.6219512195121951	0.6707317073170732	0.691358024691358	0.6172839506172839	0.6419753086419753	0.7142857142857143	0.7283950617283951	0.6790123456790124	0.6767432356863251	0.0411344737431088	51	0.5963261648745519	0.7827060931899642	0.5902777777777778	0.5622759856630825	0.5817128040875467	0.6556737588652483	0.5976359338061465	0.6481237656352864	0.8037062457103638	0.6951536643026005	0.6513592193912568	0.08052382952340553	15
45	1.1714823722839356	0.08104942496773335	0.021486186981201173	0.001109138877754991	0.6	733	5	10	3	0.07333333333333333	1	{'subsample': 0.6, 'n_estimators': 733, 'min_child_weight': 5, 'max_depth': 10, 'gamma': 3, 'eta': 0.07333333333333333, 'colsample_bytree': 1}	0.7682926829268293	0.6951219512195121	0.6341463414634146	0.6829268292682927	0.6790123456790124	0.6790123456790124	0.6790123456790124	0.7261904761904762	0.8148148148148148	0.7530864197530864	0.7111616552673463	0.05106667556009738	20	0.6140232974910395	0.6917562724014337	0.5208333333333334	0.5730286738351255	0.6749790284450544	0.6108747044917258	0.6108747044917258	0.650976519640114	0.8643331045527339	0.6013002364066194	0.6412979875088906	0.08768472025092756	27
46	1.0076623678207397	0.04438305492597832	0.0211578369140625	0.0009964297259825777	0.9	644	5	5	3	0.11555555555555555	0.8	{'subsample': 0.9, 'n_estimators': 644, 'min_child_weight': 5, 'max_depth': 5, 'gamma': 3, 'eta': 0.11555555555555555, 'colsample_bytree': 0.8}	0.7439024390243902	0.6951219512195121	0.6341463414634146	0.7073170731707317	0.6790123456790124	0.6172839506172839	0.6666666666666666	0.7142857142857143	0.8024691358024691	0.7283950617283951	0.698860067965759	0.05121746917802251	32	0.4959677419354838	0.6993727598566308	0.5930555555555556	0.5907258064516129	0.6749790284450544	0.6476359338061465	0.5275413711583924	0.6441737985516788	0.8572409059711736	0.7315602836879432	0.6462253185419672	0.09901398768266914	20
47	0.6164892196655274	0.02318307479964897	0.020757627487182618	0.0018093228597375265	0.7	377	3	9	5	0.07333333333333333	0.9	{'subsample': 0.7, 'n_estimators': 377, 'min_child_weight': 3, 'max_depth': 9, 'gamma': 5, 'eta': 0.07333333333333333, 'colsample_bytree': 0.9}	0.7195121951219512	0.6951219512195121	0.6585365853658537	0.7073170731707317	0.6790123456790124	0.6296296296296297	0.6419753086419753	0.7023809523809523	0.7654320987654321	0.7037037037037037	0.6902621843678753	0.03780093420777751	41	0.4782706093189964	0.807347670250896	0.611111111111111	0.5907258064516129	0.5746206055059864	0.6627659574468084	0.5133569739952719	0.6334211103796358	0.7246244185159765	0.7213947990543735	0.6317639062030669	0.09560686041211945	41
48	0.7112203598022461	0.016014353138513772	0.0204143762588501	0.0005723350639402667	0.6	377	4	6	7	0.01	0.9	{'subsample': 0.6, 'n_estimators': 377, 'min_child_weight': 4, 'max_depth': 6, 'gamma': 7, 'eta': 0.01, 'colsample_bytree': 0.9}	0.7195121951219512	0.6463414634146342	0.5975609756097561	0.7317073170731707	0.6296296296296297	0.5802469135802469	0.6296296296296297	0.6309523809523809	0.6790123456790124	0.6790123456790124	0.6523605196369424	0.04685849742732359	77	0.482078853046595	0.7719534050179212	0.6569444444444444	0.6160394265232975	0.6429497445283306	0.6303782505910166	0.5825059101654846	0.5926047838490235	0.6749790284450544	0.7031914893617021	0.635362533597287	0.0733940084587848	35
49	0.4831512928009033	0.015442828191894296	0.02068150043487549	0.0005842601781474534	1	200	4	4	0	0.11555555555555555	0.9	{'subsample': 1, 'n_estimators': 200, 'min_child_weight': 4, 'max_depth': 4, 'gamma': 0, 'eta': 0.11555555555555555, 'colsample_bytree': 0.9}	0.7439024390243902	0.6829268292682927	0.6829268292682927	0.7317073170731707	0.6666666666666666	0.7037037037037037	0.7283950617283951	0.6904761904761905	0.7530864197530864	0.7654320987654321	0.7149223555727621	0.03226505228452103	18	0.503584229390681	0.6810035842293907	0.47222222222222215	0.6046146953405017	0.5638679173339434	0.6290780141843971	0.5630023640661939	0.6345183234584156	0.6135133074048654	0.6083924349881796	0.5873797092618791	0.05964709588217757	100
50	1.1038788080215454	0.043727525543555495	0.021317815780639647	0.001771615112463972	1	733	2	3	9	0.11555555555555555	0.7	{'subsample': 1, 'n_estimators': 733, 'min_child_weight': 2, 'max_depth': 3, 'gamma': 9, 'eta': 0.11555555555555555, 'colsample_bytree': 0.7}	0.6707317073170732	0.5975609756097561	0.5121951219512195	0.7073170731707317	0.6666666666666666	0.5185185185185185	0.6296296296296297	0.5595238095238095	0.6666666666666666	0.654320987654321	0.6183131156708392	0.06471244035564026	100	0.45810931899641577	0.7365591397849464	0.6083333333333333	0.5945340501792115	0.556546938152978	0.5989361702127659	0.6627659574468084	0.5557384244020188	0.5638679173339434	0.6849881796690308	0.6020379429511451	0.07426683232722528	90
51	0.8313419818878174	0.04114455402698106	0.022281074523925783	0.0033474417935449013	1	555	2	10	9	0.052222222222222225	0.7	{'subsample': 1, 'n_estimators': 555, 'min_child_weight': 2, 'max_depth': 10, 'gamma': 9, 'eta': 0.052222222222222225, 'colsample_bytree': 0.7}	0.6829268292682927	0.6463414634146342	0.5365853658536586	0.6951219512195121	0.6790123456790124	0.5555555555555556	0.6172839506172839	0.5833333333333334	0.6666666666666666	0.6419753086419753	0.6304802770249924	0.05273012603327271	92	0.4650537634408602	0.7681451612903226	0.6222222222222222	0.5837813620071685	0.567299626325021	0.616193853427896	0.6516548463356974	0.565393899495282	0.5638679173339434	0.6778959810874704	0.6081508632965883	0.07690673547724182	81
52	0.7110812664031982	0.017974984194728524	0.02197422981262207	0.0017295409042882787	0.9	466	5	3	5	0.09444444444444444	0.7	{'subsample': 0.9, 'n_estimators': 466, 'min_child_weight': 5, 'max_depth': 3, 'gamma': 5, 'eta': 0.09444444444444444, 'colsample_bytree': 0.7}	0.7317073170731707	0.6951219512195121	0.6097560975609756	0.6951219512195121	0.7037037037037037	0.5925925925925926	0.6419753086419753	0.6785714285714286	0.7283950617283951	0.654320987654321	0.6731266399965586	0.044993444624380444	53	0.6935483870967741	0.8035394265232975	0.5833333333333334	0.5799731182795699	0.6928239151986578	0.6374704491725768	0.5173758865248227	0.619815668202765	0.8073667353008465	0.6890070921985815	0.6624254011831224	0.08947183328689878	5
53	0.4596425533294678	0.021253597652161043	0.023077559471130372	0.0018310986983267707	1	288	2	3	5	0.11555555555555555	0.7	{'subsample': 1, 'n_estimators': 288, 'min_child_weight': 2, 'max_depth': 3, 'gamma': 5, 'eta': 0.11555555555555555, 'colsample_bytree': 0.7}	0.7073170731707317	0.6829268292682927	0.6219512195121951	0.7073170731707317	0.654320987654321	0.5802469135802469	0.6296296296296297	0.6428571428571429	0.7160493827160493	0.6419753086419753	0.6584591560201316	0.04183644792002239	72	0.5793010752688171	0.7927867383512545	0.6666666666666666	0.5945340501792115	0.5531152291619004	0.6343971631205674	0.5865248226950355	0.5994075049374589	0.7072370929611834	0.6056737588652482	0.6319644102207344	0.06851826142054836	39
54	0.3627649784088135	0.01177344822029215	0.022371315956115724	0.0021855379206107695	0.7	200	1	9	9	0.03111111111111111	0.7	{'subsample': 0.7, 'n_estimators': 200, 'min_child_weight': 1, 'max_depth': 9, 'gamma': 9, 'eta': 0.03111111111111111, 'colsample_bytree': 0.7}	0.7195121951219512	0.6097560975609756	0.6097560975609756	0.7195121951219512	0.6666666666666666	0.5679012345679012	0.5925925925925926	0.6071428571428571	0.6790123456790124	0.6790123456790124	0.6450864627693896	0.05147365152501724	84	0.482078853046595	0.7473118279569894	0.6638888888888889	0.6052867383512545	0.6642263402730114	0.6232860520094562	0.5612293144208037	0.5789993416721527	0.6749790284450544	0.7031914893617021	0.6304477874425908	0.07302535763416831	44
55	0.7136034488677978	0.01622349954332645	0.020133781433105468	0.0008843469604195874	0.8	466	4	9	7	0.09444444444444444	0.8	{'subsample': 0.8, 'n_estimators': 466, 'min_child_weight': 4, 'max_depth': 9, 'gamma': 7, 'eta': 0.09444444444444444, 'colsample_bytree': 0.8}	0.7439024390243902	0.6341463414634146	0.6341463414634146	0.7195121951219512	0.6790123456790124	0.6049382716049383	0.6172839506172839	0.6428571428571429	0.691358024691358	0.654320987654321	0.6621478040177227	0.042894512332774	63	0.6001344086021505	0.7573924731182796	0.6777777777777777	0.5976702508960573	0.6713185388545718	0.6445626477541371	0.5794326241134752	0.5994075049374589	0.6820712270266148	0.6890070921985815	0.6498774545279105	0.053012352082158834	17
56	1.2160542488098145	0.0256450055684916	0.023422837257385254	0.0012671634155681072	0.9	555	2	7	0	0.1577777777777778	1	{'subsample': 0.9, 'n_estimators': 555, 'min_child_weight': 2, 'max_depth': 7, 'gamma': 0, 'eta': 0.1577777777777778, 'colsample_bytree': 1}	0.8170731707317073	0.7195121951219512	0.7073170731707317	0.7317073170731707	0.6419753086419753	0.7160493827160493	0.7283950617283951	0.7380952380952381	0.7901234567901234	0.7654320987654321	0.7355680302834774	0.045585600795049676	9	0.5566756272401433	0.6980286738351253	0.49027777777777776	0.6046146953405017	0.5533440097613055	0.5639479905437352	0.5630023640661939	0.6617292078121572	0.7461297948600625	0.6003546099290781	0.603810475116608	0.07308322522444828	88
57	1.4534777879714966	0.030765430763044666	0.02196004390716553	0.002148570456073997	0.9	911	4	9	3	0.03111111111111111	0.9	{'subsample': 0.9, 'n_estimators': 911, 'min_child_weight': 4, 'max_depth': 9, 'gamma': 3, 'eta': 0.03111111111111111, 'colsample_bytree': 0.9}	0.7682926829268293	0.6585365853658537	0.6219512195121951	0.6829268292682927	0.6790123456790124	0.6296296296296297	0.654320987654321	0.7142857142857143	0.7407407407407407	0.7407407407407407	0.6890437475803328	0.04750637461625458	42	0.5174731182795699	0.6709229390681003	0.5138888888888888	0.5730286738351255	0.5709601159155037	0.6627659574468084	0.5204491725768321	0.640223831468071	0.7141005109433386	0.6624113475177306	0.604622455593997	0.07029433004681146	86
58	1.201856827735901	0.04558982600558307	0.02184135913848877	0.0020212645232768225	1	822	4	3	9	0.1788888888888889	0.8	{'subsample': 1, 'n_estimators': 822, 'min_child_weight': 4, 'max_depth': 3, 'gamma': 9, 'eta': 0.1788888888888889, 'colsample_bytree': 0.8}	0.6585365853658537	0.6585365853658537	0.5487804878048781	0.6951219512195121	0.6666666666666666	0.5308641975308642	0.6419753086419753	0.5952380952380952	0.6790123456790124	0.6296296296296297	0.6304361853142341	0.052336168700825206	93	0.4549731182795698	0.7788978494623656	0.6291666666666667	0.5913978494623656	0.556546938152978	0.6020094562647754	0.5173758865248227	0.5721966205837173	0.5746206055059864	0.6708037825059101	0.5947988773409157	0.08297028350433182	97
59	0.9915324449539185	0.048068544683205316	0.021683216094970703	0.0014261515655822677	0.7	644	5	8	5	0.07333333333333333	0.8	{'subsample': 0.7, 'n_estimators': 644, 'min_child_weight': 5, 'max_depth': 8, 'gamma': 5, 'eta': 0.07333333333333333, 'colsample_bytree': 0.8}	0.7317073170731707	0.6585365853658537	0.6463414634146342	0.7073170731707317	0.7283950617283951	0.6172839506172839	0.6419753086419753	0.7023809523809523	0.7407407407407407	0.7530864197530864	0.6927764872886824	0.045424981534666314	37	0.5969982078853046	0.7788978494623656	0.5319444444444444	0.5907258064516129	0.7070083123617783	0.6556737588652483	0.5895981087470449	0.6373710774632434	0.710440021352856	0.7497635933806146	0.6548421180414513	0.07572035183831338	13
60	1.3939585924148559	0.02838312406210628	0.02399179935455322	0.002423456579584469	0.8	466	1	10	0	0.07333333333333333	0.9	{'subsample': 0.8, 'n_estimators': 466, 'min_child_weight': 1, 'max_depth': 10, 'gamma': 0, 'eta': 0.07333333333333333, 'colsample_bytree': 0.9}	0.7804878048780488	0.6829268292682927	0.7317073170731707	0.7804878048780488	0.6419753086419753	0.7283950617283951	0.7160493827160493	0.7380952380952381	0.8148148148148148	0.8024691358024691	0.7417408697896503	0.0513758290998194	6	0.5206093189964157	0.5730286738351255	0.5083333333333333	0.6400089605734767	0.44566460764127197	0.6472813238770686	0.5518912529550827	0.6577792407285495	0.7566537024327004	0.6256501182033096	0.5926900532576334	0.0856770764724716	98
61	1.7508718013763427	0.04306583723776648	0.024746203422546388	0.002235536206363704	0.7	822	1	9	0	0.1788888888888889	0.8	{'subsample': 0.7, 'n_estimators': 822, 'min_child_weight': 1, 'max_depth': 9, 'gamma': 0, 'eta': 0.1788888888888889, 'colsample_bytree': 0.8}	0.7926829268292683	0.7195121951219512	0.7439024390243902	0.7682926829268293	0.6666666666666666	0.7160493827160493	0.7160493827160493	0.7380952380952381	0.8148148148148148	0.7654320987654321	0.744149782767669	0.04075715531169182	5	0.5389784946236559	0.6980286738351253	0.5194444444444445	0.6330645161290323	0.5675284069244261	0.567966903073286	0.5559101654846336	0.6577792407285495	0.7603141920231832	0.5923167848699763	0.6091331822136313	0.07294114365543508	78
62	1.1000436544418335	0.03665862755757763	0.020546674728393555	0.0009134474737781384	0.9	733	1	8	3	0.1366666666666667	1	{'subsample': 0.9, 'n_estimators': 733, 'min_child_weight': 1, 'max_depth': 8, 'gamma': 3, 'eta': 0.1366666666666667, 'colsample_bytree': 1}	0.8048780487804879	0.6219512195121951	0.6707317073170732	0.7195121951219512	0.6296296296296297	0.6296296296296297	0.6790123456790124	0.7142857142857143	0.7283950617283951	0.7407407407407407	0.6938766292424827	0.05564894255750642	36	0.5383064516129031	0.7542562724014337	0.6222222222222222	0.6014784946236559	0.5425913215892625	0.5865248226950355	0.5386524822695035	0.6441737985516788	0.7033478227712956	0.7426713947990544	0.6274225083536045	0.07797771700076096	50
63	1.5582300662994384	0.08930312261650145	0.02091677188873291	0.0005172688420424178	1	1000	3	7	3	0.03111111111111111	0.8	{'subsample': 1, 'n_estimators': 1000, 'min_child_weight': 3, 'max_depth': 7, 'gamma': 3, 'eta': 0.03111111111111111, 'colsample_bytree': 0.8}	0.7195121951219512	0.6463414634146342	0.6341463414634146	0.7073170731707317	0.691358024691358	0.6666666666666666	0.6790123456790124	0.7023809523809523	0.7407407407407407	0.7160493827160493	0.6903525186045509	0.03204497666530315	39	0.4896953405017921	0.7681451612903226	0.525	0.5869175627240143	0.5817128040875467	0.6800236406619385	0.5346335697399528	0.6334211103796358	0.6100815984137878	0.6522458628841608	0.6061876650683151	0.07798230926667674	85
64	1.4877580642700194	0.04289064989854344	0.02213134765625	0.0017663247189298765	0.9	911	2	7	9	0.01	0.9	{'subsample': 0.9, 'n_estimators': 911, 'min_child_weight': 2, 'max_depth': 7, 'gamma': 9, 'eta': 0.01, 'colsample_bytree': 0.9}	0.6951219512195121	0.6219512195121951	0.5609756097560976	0.6951219512195121	0.6790123456790124	0.5185185185185185	0.6172839506172839	0.6071428571428571	0.6790123456790124	0.6790123456790124	0.6353153095023014	0.05774708556956126	91	0.47199820788530467	0.7542562724014337	0.6319444444444444	0.587589605734767	0.567299626325021	0.5949172576832151	0.5754137115839243	0.5789993416721527	0.6749790284450544	0.7031914893617021	0.6140588985537019	0.07601867902725157	75
65	1.0677232265472412	0.036299332678039815	0.0217876672744751	0.002255592435408355	1	733	2	8	7	0.1366666666666667	0.7	{'subsample': 1, 'n_estimators': 733, 'min_child_weight': 2, 'max_depth': 8, 'gamma': 7, 'eta': 0.1366666666666667, 'colsample_bytree': 0.7}	0.6463414634146342	0.6341463414634146	0.5365853658536586	0.7073170731707317	0.6419753086419753	0.5679012345679012	0.6296296296296297	0.6071428571428571	0.6666666666666666	0.6419753086419753	0.6279681249193445	0.04577911902559042	96	0.4442204301075268	0.7612007168458782	0.6180555555555555	0.5945340501792115	0.5423625409898574	0.6273049645390071	0.5825059101654846	0.5829493087557603	0.5711888965149089	0.6819148936170212	0.6006237267270211	0.0792524266833864	92
66	0.48043525218963623	0.017383729382530445	0.02066848278045654	0.0010753373931827969	1	288	4	8	5	0.052222222222222225	0.7	{'subsample': 1, 'n_estimators': 288, 'min_child_weight': 4, 'max_depth': 8, 'gamma': 5, 'eta': 0.052222222222222225, 'colsample_bytree': 0.7}	0.6585365853658537	0.6707317073170732	0.5853658536585366	0.7073170731707317	0.7283950617283951	0.5925925925925926	0.6296296296296297	0.6547619047619048	0.691358024691358	0.691358024691358	0.6610046457607434	0.04478221824821986	65	0.45116487455197135	0.7820340501792115	0.5694444444444444	0.5907258064516129	0.7070083123617783	0.6374704491725768	0.5062647754137116	0.6062102260258942	0.5853732936780294	0.7143026004728132	0.6149998832752044	0.09434864883732255	72
67	1.1570611476898194	0.03413348118311052	0.02129037380218506	0.0018136807083778282	0.8	733	4	6	3	0.07333333333333333	0.7	{'subsample': 0.8, 'n_estimators': 733, 'min_child_weight': 4, 'max_depth': 6, 'gamma': 3, 'eta': 0.07333333333333333, 'colsample_bytree': 0.7}	0.7317073170731707	0.7073170731707317	0.6707317073170732	0.7073170731707317	0.7160493827160493	0.654320987654321	0.654320987654321	0.6904761904761905	0.7654320987654321	0.7530864197530864	0.7050759237751107	0.03651352282734705	26	0.6008064516129031	0.8028673835125448	0.5499999999999999	0.5945340501792115	0.7035766033707008	0.676950354609929	0.5204491725768321	0.6266183892912004	0.6242659955769084	0.6775413711583925	0.6377609771888623	0.07727524422305729	30
68	0.9983365774154663	0.0337403681107108	0.022897505760192872	0.0025856071384499973	0.9	644	4	8	5	0.09444444444444444	1	{'subsample': 0.9, 'n_estimators': 644, 'min_child_weight': 4, 'max_depth': 8, 'gamma': 5, 'eta': 0.09444444444444444, 'colsample_bytree': 1}	0.7317073170731707	0.6463414634146342	0.5975609756097561	0.7195121951219512	0.6666666666666666	0.5802469135802469	0.654320987654321	0.6904761904761905	0.7283950617283951	0.7037037037037037	0.6718931475029034	0.05030736058928457	56	0.5931899641577061	0.764336917562724	0.5763888888888888	0.5976702508960573	0.5638679173339434	0.6263593380614657	0.524468085106383	0.6266183892912004	0.7033478227712956	0.7173758865248226	0.6293623460594486	0.07201823368124649	47
69	1.063057279586792	0.09089089330078501	0.020784282684326173	0.001963814890981192	0.7	644	1	4	9	0.07333333333333333	0.8	{'subsample': 0.7, 'n_estimators': 644, 'min_child_weight': 1, 'max_depth': 4, 'gamma': 9, 'eta': 0.07333333333333333, 'colsample_bytree': 0.8}	0.7317073170731707	0.6585365853658537	0.5975609756097561	0.7195121951219512	0.691358024691358	0.6172839506172839	0.6419753086419753	0.5952380952380952	0.7283950617283951	0.654320987654321	0.663588850174216	0.0494901319738981	60	0.5893817204301075	0.775089605734767	0.6486111111111111	0.5976702508960573	0.6784107374361321	0.6516548463356974	0.5895981087470449	0.5682466535001097	0.8073667353008465	0.6849881796690308	0.6591017949160903	0.07639650448305753	6
70	0.3506962299346924	0.02700355050151459	0.02130424976348877	0.0017342468793537047	0.6	200	3	7	7	0.1577777777777778	0.7	{'subsample': 0.6, 'n_estimators': 200, 'min_child_weight': 3, 'max_depth': 7, 'gamma': 7, 'eta': 0.1577777777777778, 'colsample_bytree': 0.7}	0.7195121951219512	0.6585365853658537	0.6341463414634146	0.6341463414634146	0.6666666666666666	0.6172839506172839	0.6419753086419753	0.6785714285714286	0.7037037037037037	0.6666666666666666	0.662120918828236	0.03054346778319393	64	0.5786290322580644	0.7827060931899642	0.6694444444444444	0.5452508960573476	0.5638679173339434	0.5754137115839243	0.5976359338061465	0.6237656352863726	0.793182338137726	0.692080378250591	0.6421976380348523	0.0849296429246073	26
71	1.0171688795089722	0.0316688961389732	0.02221806049346924	0.0028459653108332504	1	644	3	5	3	0.03111111111111111	1	{'subsample': 1, 'n_estimators': 644, 'min_child_weight': 3, 'max_depth': 5, 'gamma': 3, 'eta': 0.03111111111111111, 'colsample_bytree': 1}	0.6951219512195121	0.6463414634146342	0.6341463414634146	0.6829268292682927	0.691358024691358	0.6296296296296297	0.6790123456790124	0.7142857142857143	0.7160493827160493	0.7407407407407407	0.6829612423108358	0.03495234676741124	47	0.4758064516129032	0.6639784946236559	0.525	0.5730286738351255	0.6820712270266148	0.6587470449172577	0.5386524822695035	0.6441737985516788	0.5885762220697018	0.6664302600472812	0.6016464654953724	0.06803517864942912	91
72	0.3432008266448975	0.008134515404157815	0.021445441246032714	0.0018604386201122917	0.8	200	1	9	9	0.07333333333333333	0.7	{'subsample': 0.8, 'n_estimators': 200, 'min_child_weight': 1, 'max_depth': 9, 'gamma': 9, 'eta': 0.07333333333333333, 'colsample_bytree': 0.7}	0.7073170731707317	0.6097560975609756	0.5975609756097561	0.6829268292682927	0.654320987654321	0.5308641975308642	0.5679012345679012	0.5952380952380952	0.6790123456790124	0.6666666666666666	0.6291564502946618	0.05428156973074033	94	0.5793010752688171	0.7473118279569894	0.6527777777777778	0.5730286738351255	0.6534736521009684	0.6020094562647754	0.5470449172576832	0.5682466535001097	0.6749790284450544	0.6960992907801419	0.6294272353187443	0.06206082355154138	46
73	0.3456183910369873	0.01904603358392913	0.020565342903137208	0.0011544734366326418	0.8	200	2	3	7	0.1788888888888889	1	{'subsample': 0.8, 'n_estimators': 200, 'min_child_weight': 2, 'max_depth': 3, 'gamma': 7, 'eta': 0.1788888888888889, 'colsample_bytree': 1}	0.7073170731707317	0.6341463414634146	0.6219512195121951	0.6951219512195121	0.691358024691358	0.5802469135802469	0.654320987654321	0.6428571428571429	0.7160493827160493	0.6666666666666666	0.6610035703531638	0.04053947912623693	66	0.5793010752688171	0.7612007168458782	0.5902777777777778	0.5837813620071685	0.5817128040875467	0.5581560283687943	0.600709219858156	0.5994075049374589	0.8075955159002516	0.6960992907801419	0.635824129583199	0.08267718262359475	33
74	0.6023318052291871	0.02295894241935554	0.02098205089569092	0.0017246914871578204	0.8	377	2	7	7	0.1788888888888889	0.9	{'subsample': 0.8, 'n_estimators': 377, 'min_child_weight': 2, 'max_depth': 7, 'gamma': 7, 'eta': 0.1788888888888889, 'colsample_bytree': 0.9}	0.7073170731707317	0.6341463414634146	0.5975609756097561	0.7195121951219512	0.6419753086419753	0.5679012345679012	0.6419753086419753	0.6190476190476191	0.7160493827160493	0.6419753086419753	0.6487460747623348	0.04832869103746951	81	0.5754928315412186	0.7612007168458782	0.5763888888888888	0.6052867383512545	0.5496835201708229	0.6232860520094562	0.5936170212765958	0.5858020627605881	0.8002745367192862	0.6819148936170212	0.635294726218101	0.08052998302118179	36
75	0.4832397222518921	0.022756198648457116	0.021058154106140137	0.0009902564531281504	1	288	5	4	9	0.052222222222222225	0.7	{'subsample': 1, 'n_estimators': 288, 'min_child_weight': 5, 'max_depth': 4, 'gamma': 9, 'eta': 0.052222222222222225, 'colsample_bytree': 0.7}	0.6829268292682927	0.6463414634146342	0.5487804878048781	0.6707317073170732	0.6790123456790124	0.5061728395061729	0.6172839506172839	0.5952380952380952	0.6790123456790124	0.6419753086419753	0.626747537316643	0.05733172801823595	98	0.4650537634408602	0.7681451612903226	0.6291666666666667	0.5698924731182796	0.5709601159155037	0.583806146572104	0.5754137115839243	0.5721966205837173	0.6749790284450544	0.6778959810874704	0.6087509668703903	0.07851582850114264	79
76	1.3802567005157471	0.05018480095472059	0.02111546993255615	0.0013787653009694173	0.9	911	4	8	3	0.1366666666666667	0.9	{'subsample': 0.9, 'n_estimators': 911, 'min_child_weight': 4, 'max_depth': 8, 'gamma': 3, 'eta': 0.1366666666666667, 'colsample_bytree': 0.9}	0.7439024390243902	0.6585365853658537	0.6707317073170732	0.7073170731707317	0.7160493827160493	0.6419753086419753	0.6666666666666666	0.7261904761904762	0.7407407407407407	0.7777777777777778	0.7049888157611733	0.041759572452184326	28	0.503584229390681	0.6747311827956989	0.6180555555555555	0.5869175627240143	0.5958972012506673	0.6698581560283688	0.5315602836879433	0.6549264867237218	0.710440021352856	0.7679669030732862	0.6313937582582793	0.07650490876952763	43
77	1.304403805732727	0.04123588740043134	0.022355198860168457	0.0005703144271240211	0.8	555	1	4	0	0.07333333333333333	0.8	{'subsample': 0.8, 'n_estimators': 555, 'min_child_weight': 1, 'max_depth': 4, 'gamma': 0, 'eta': 0.07333333333333333, 'colsample_bytree': 0.8}	0.8170731707317073	0.7195121951219512	0.7439024390243902	0.7317073170731707	0.654320987654321	0.7283950617283951	0.7407407407407407	0.7142857142857143	0.8395061728395061	0.8271604938271605	0.7516604293027057	0.05542574884781419	2	0.5566756272401433	0.802195340501792	0.5152777777777778	0.6084229390681003	0.45275680622283226	0.6513002364066194	0.6463356973995272	0.6481237656352864	0.6741401662472356	0.6438534278959811	0.6199081784395295	0.09068652357411079	60
78	0.471773099899292	0.01829077295940234	0.01993997097015381	0.0005852678675014669	0.8	288	2	9	3	0.1788888888888889	0.9	{'subsample': 0.8, 'n_estimators': 288, 'min_child_weight': 2, 'max_depth': 9, 'gamma': 3, 'eta': 0.1788888888888889, 'colsample_bytree': 0.9}	0.7926829268292683	0.6951219512195121	0.6341463414634146	0.7073170731707317	0.6172839506172839	0.7283950617283951	0.7037037037037037	0.7023809523809523	0.7901234567901234	0.7407407407407407	0.7111896158644125	0.05403863921988246	19	0.5351702508960573	0.7959229390681003	0.5972222222222222	0.5869175627240143	0.5281781438267369	0.7315602836879432	0.633096926713948	0.6373710774632434	0.8501487073896133	0.6704491725768321	0.6566037286568711	0.10159906133433047	10
79	1.1311766386032105	0.04547615346033472	0.0213240385055542	0.001909175907237681	0.8	733	5	3	3	0.1577777777777778	0.9	{'subsample': 0.8, 'n_estimators': 733, 'min_child_weight': 5, 'max_depth': 3, 'gamma': 3, 'eta': 0.1577777777777778, 'colsample_bytree': 0.9}	0.8048780487804879	0.7073170731707317	0.6463414634146342	0.7073170731707317	0.6296296296296297	0.6419753086419753	0.691358024691358	0.6904761904761905	0.7777777777777778	0.7037037037037037	0.7000774293457219	0.05341629291380454	31	0.6424731182795699	0.8066756272401433	0.5319444444444444	0.5907258064516129	0.43491191946922897	0.5936170212765958	0.6179669030732861	0.6266183892912004	0.7353771066880195	0.6451536643026005	0.6225464000516701	0.09635607289991513	57
80	1.4782546758651733	0.0306757241439114	0.022336864471435548	0.0009021773915449936	1	733	3	7	0	0.1577777777777778	1	{'subsample': 1, 'n_estimators': 733, 'min_child_weight': 3, 'max_depth': 7, 'gamma': 0, 'eta': 0.1577777777777778, 'colsample_bytree': 1}	0.7804878048780488	0.7317073170731707	0.7195121951219512	0.7926829268292683	0.6790123456790124	0.7037037037037037	0.7407407407407407	0.75	0.7901234567901234	0.7654320987654321	0.745340258958145	0.03593703462174125	4	0.5244175627240143	0.712589605734767	0.49722222222222223	0.6431451612903226	0.5782810950964691	0.6290780141843971	0.5781323877068557	0.6685319289005925	0.7461297948600625	0.6043735224586287	0.6181901295178333	0.07441115286227946	63
81	0.8340856790542602	0.024045455227521204	0.02031397819519043	0.0014177861377288725	1	555	1	5	7	0.03111111111111111	0.8	{'subsample': 1, 'n_estimators': 555, 'min_child_weight': 1, 'max_depth': 5, 'gamma': 7, 'eta': 0.03111111111111111, 'colsample_bytree': 0.8}	0.6829268292682927	0.6341463414634146	0.5487804878048781	0.6829268292682927	0.7160493827160493	0.5555555555555556	0.6419753086419753	0.6071428571428571	0.7160493827160493	0.6790123456790124	0.6464565320256377	0.057382192555108985	83	0.4650537634408602	0.7573924731182796	0.625	0.576836917562724	0.6925951345992526	0.616193853427896	0.665839243498818	0.5789993416721527	0.7035766033707008	0.7031914893617021	0.6384678820052386	0.08020919897465963	29
82	1.1789910078048706	0.02941490906384457	0.020700550079345702	0.001448234883864066	1	822	1	9	3	0.11555555555555555	0.7	{'subsample': 1, 'n_estimators': 822, 'min_child_weight': 1, 'max_depth': 9, 'gamma': 3, 'eta': 0.11555555555555555, 'colsample_bytree': 0.7}	0.7317073170731707	0.6829268292682927	0.6707317073170732	0.7195121951219512	0.6666666666666666	0.6666666666666666	0.6790123456790124	0.7142857142857143	0.7037037037037037	0.691358024691358	0.692657117047361	0.02224907453453776	38	0.492831541218638	0.7927867383512545	0.5416666666666666	0.5976702508960573	0.5638679173339434	0.6037825059101655	0.5386524822695035	0.6441737985516788	0.5814840234881415	0.6340425531914894	0.5990958477877538	0.07783845425689778	94
83	1.173436665534973	0.03491511370285211	0.02102048397064209	0.0010275356722205238	0.9	822	2	6	7	0.11555555555555555	1	{'subsample': 0.9, 'n_estimators': 822, 'min_child_weight': 2, 'max_depth': 6, 'gamma': 7, 'eta': 0.11555555555555555, 'colsample_bytree': 1}	0.7317073170731707	0.6463414634146342	0.5853658536585366	0.7073170731707317	0.6666666666666666	0.5432098765432098	0.6296296296296297	0.6666666666666666	0.6790123456790124	0.6666666666666666	0.6522583559168925	0.05253134357789793	78	0.4890232974910394	0.7681451612903226	0.6458333333333334	0.59834229390681	0.5638679173339434	0.6091016548463357	0.5102836879432624	0.609062980030722	0.6749790284450544	0.6960992907801419	0.6164738645400965	0.08022134020323432	65
84	0.825300931930542	0.02050323998137536	0.020713090896606445	0.0012443867533497332	0.7	555	1	10	7	0.1788888888888889	0.9	{'subsample': 0.7, 'n_estimators': 555, 'min_child_weight': 1, 'max_depth': 10, 'gamma': 7, 'eta': 0.1788888888888889, 'colsample_bytree': 0.9}	0.7195121951219512	0.6463414634146342	0.6097560975609756	0.7195121951219512	0.6296296296296297	0.6296296296296297	0.654320987654321	0.6547619047619048	0.7407407407407407	0.6790123456790124	0.668321718931475	0.042292838814712	58	0.5824372759856631	0.6639784946236559	0.5791666666666666	0.6014784946236559	0.4275909402882636	0.6587470449172577	0.5284869976359338	0.6022602589422866	0.8144589338824068	0.6991725768321513	0.6157777684397943	0.0982199993668078	67
85	1.0430659055709839	0.027220437767715416	0.020111656188964842	0.001135296938545901	1	733	5	7	9	0.1788888888888889	0.8	{'subsample': 1, 'n_estimators': 733, 'min_child_weight': 5, 'max_depth': 7, 'gamma': 9, 'eta': 0.1788888888888889, 'colsample_bytree': 0.8}	0.6829268292682927	0.6463414634146342	0.5365853658536586	0.7073170731707317	0.691358024691358	0.5308641975308642	0.654320987654321	0.6071428571428571	0.7037037037037037	0.6296296296296297	0.6390190132060051	0.060908240350844044	87	0.46886200716845877	0.7681451612903226	0.6222222222222222	0.5945340501792115	0.6747502478456493	0.6020094562647754	0.600709219858156	0.5789993416721527	0.6928239151986578	0.6708037825059101	0.6273859404205516	0.07626034213824326	51
86	0.6064045429229736	0.013393319786462451	0.02011861801147461	0.0009231643501570865	0.6	377	5	7	3	0.1577777777777778	0.9	{'subsample': 0.6, 'n_estimators': 377, 'min_child_weight': 5, 'max_depth': 7, 'gamma': 3, 'eta': 0.1577777777777778, 'colsample_bytree': 0.9}	0.8170731707317073	0.7073170731707317	0.6341463414634146	0.7195121951219512	0.6790123456790124	0.654320987654321	0.7037037037037037	0.7142857142857143	0.8148148148148148	0.7530864197530864	0.7197272766378457	0.05773292392590523	17	0.6494175627240143	0.7063172043010751	0.5208333333333334	0.5976702508960573	0.6786395180355372	0.6809692671394799	0.633096926713948	0.6441737985516788	0.8679935941432166	0.6775413711583925	0.6656652826996734	0.08397564918175875	2
87	2.137604594230652	0.14009696416654305	0.027582263946533202	0.0024501945395548506	1	911	5	5	0	0.03111111111111111	0.7	{'subsample': 1, 'n_estimators': 911, 'min_child_weight': 5, 'max_depth': 5, 'gamma': 0, 'eta': 0.03111111111111111, 'colsample_bytree': 0.7}	0.7560975609756098	0.6951219512195121	0.6829268292682927	0.7317073170731707	0.6296296296296297	0.7283950617283951	0.7407407407407407	0.7142857142857143	0.8024691358024691	0.7530864197530864	0.723446036047662	0.044621365575621415	16	0.5105286738351255	0.7921146953405018	0.4763888888888889	0.6084229390681003	0.5462518111797453	0.6472813238770686	0.574113475177305	0.6481237656352864	0.7532219934416228	0.5892434988179669	0.6145691065261611	0.09478624392900217	73
88	2.469720220565796	0.053137349852509244	0.02933809757232666	0.002287430505019822	0.7	1000	5	10	0	0.07333333333333333	0.8	{'subsample': 0.7, 'n_estimators': 1000, 'min_child_weight': 5, 'max_depth': 10, 'gamma': 0, 'eta': 0.07333333333333333, 'colsample_bytree': 0.8}	0.7926829268292683	0.7195121951219512	0.7439024390243902	0.7682926829268293	0.6790123456790124	0.7283950617283951	0.7407407407407407	0.75	0.8395061728395061	0.7530864197530864	0.7515130984643179	0.040881391349725474	3	0.5427867383512545	0.6980286738351253	0.5194444444444445	0.6330645161290323	0.5746206055059864	0.6472813238770686	0.6463356973995272	0.6685319289005925	0.8785175017158545	0.5972813238770686	0.6405892754035954	0.09554747224750276	28
89	1.4606469869613647	0.04178785261178596	0.02521646022796631	0.0020412282590474753	0.9	733	2	9	7	0.01	0.7	{'subsample': 0.9, 'n_estimators': 733, 'min_child_weight': 2, 'max_depth': 9, 'gamma': 7, 'eta': 0.01, 'colsample_bytree': 0.7}	0.7073170731707317	0.6219512195121951	0.5975609756097561	0.7073170731707317	0.6790123456790124	0.5432098765432098	0.6419753086419753	0.6190476190476191	0.691358024691358	0.691358024691358	0.6500107540757947	0.051765183862843595	80	0.4789426523297491	0.7504480286738352	0.6527777777777778	0.5907258064516129	0.6713185388545718	0.6091016548463357	0.5895981087470449	0.5818520956769805	0.6820712270266148	0.7102836879432624	0.6317119578327786	0.07389818033234855	42
90	1.586033582687378	0.049597233586742846	0.024649810791015626	0.0018001271601748399	1	911	5	5	3	0.07333333333333333	0.7	{'subsample': 1, 'n_estimators': 911, 'min_child_weight': 5, 'max_depth': 5, 'gamma': 3, 'eta': 0.07333333333333333, 'colsample_bytree': 0.7}	0.7560975609756098	0.6829268292682927	0.6463414634146342	0.7073170731707317	0.7037037037037037	0.6049382716049383	0.654320987654321	0.7023809523809523	0.6790123456790124	0.7037037037037037	0.68407428915559	0.03928334855920259	46	0.5105286738351255	0.7927867383512545	0.5319444444444444	0.5869175627240143	0.5851445130786243	0.6405437352245863	0.5204491725768321	0.6334211103796358	0.5746206055059864	0.6451536643026005	0.6021510220423103	0.07868992078010527	89
91	0.408751106262207	0.0125336034637045	0.02459895610809326	0.0021726479345816423	0.7	200	5	10	5	0.11555555555555555	0.7	{'subsample': 0.7, 'n_estimators': 200, 'min_child_weight': 5, 'max_depth': 10, 'gamma': 5, 'eta': 0.11555555555555555, 'colsample_bytree': 0.7}	0.7073170731707317	0.6707317073170732	0.6463414634146342	0.7317073170731707	0.691358024691358	0.6172839506172839	0.654320987654321	0.7023809523809523	0.7777777777777778	0.7037037037037037	0.6902922957801007	0.043502114444726465	40	0.5716845878136201	0.78584229390681	0.6124999999999999	0.6084229390681003	0.5817128040875467	0.6556737588652483	0.6047281323877068	0.6334211103796358	0.7390375962785022	0.7173758865248226	0.6510399109311993	0.06870040635071141	16
92	1.4542392015457153	0.03966953799046292	0.02500894069671631	0.0013577485870336446	0.6	822	3	6	7	0.1788888888888889	0.8	{'subsample': 0.6, 'n_estimators': 822, 'min_child_weight': 3, 'max_depth': 6, 'gamma': 7, 'eta': 0.1788888888888889, 'colsample_bytree': 0.8}	0.7439024390243902	0.6585365853658537	0.6585365853658537	0.7073170731707317	0.654320987654321	0.6172839506172839	0.6419753086419753	0.6904761904761905	0.7283950617283951	0.7407407407407407	0.6841484922785734	0.042141265386746604	45	0.5963261648745519	0.7788978494623656	0.6875	0.5945340501792115	0.5567757187523831	0.6516548463356974	0.5936170212765958	0.6345183234584156	0.8073667353008465	0.7426713947990544	0.6643862104439122	0.08208113776946195	4
93	1.0416074991226196	0.02752346983261948	0.02720658779144287	0.0017198811669784442	0.6	377	3	9	0	0.1577777777777778	0.9	{'subsample': 0.6, 'n_estimators': 377, 'min_child_weight': 3, 'max_depth': 9, 'gamma': 0, 'eta': 0.1577777777777778, 'colsample_bytree': 0.9}	0.7804878048780488	0.7439024390243902	0.7439024390243902	0.7195121951219512	0.691358024691358	0.691358024691358	0.7037037037037037	0.7261904761904762	0.8271604938271605	0.7407407407407407	0.7368316341893577	0.03978290224670461	8	0.53584229390681	0.7157258064516129	0.5194444444444445	0.6052867383512545	0.5853732936780294	0.6982269503546098	0.5488179669030733	0.6549264867237218	0.6633874780751926	0.5861702127659574	0.6113201671654707	0.06515565054386863	76
94	1.0751145362854004	0.026790674037895614	0.02671017646789551	0.00341187401511951	0.7	555	4	9	3	0.052222222222222225	0.9	{'subsample': 0.7, 'n_estimators': 555, 'min_child_weight': 4, 'max_depth': 9, 'gamma': 3, 'eta': 0.052222222222222225, 'colsample_bytree': 0.9}	0.7804878048780488	0.6707317073170732	0.6707317073170732	0.6951219512195121	0.6790123456790124	0.691358024691358	0.6790123456790124	0.7142857142857143	0.7901234567901234	0.7283950617283951	0.7099260119585322	0.041615305483887456	23	0.5244175627240143	0.7820340501792115	0.5416666666666666	0.5837813620071685	0.5746206055059864	0.6982269503546098	0.6148936170212765	0.6481237656352864	0.7424693052695798	0.659338061465721	0.6369571946829522	0.08093543873190696	32
95	1.137007188796997	0.020292821617902742	0.026152515411376955	0.001786823278584039	0.6	466	3	4	0	0.1577777777777778	0.8	{'subsample': 0.6, 'n_estimators': 466, 'min_child_weight': 3, 'max_depth': 4, 'gamma': 0, 'eta': 0.1577777777777778, 'colsample_bytree': 0.8}	0.8292682926829268	0.7317073170731707	0.7926829268292683	0.7560975609756098	0.6666666666666666	0.7407407407407407	0.7407407407407407	0.7380952380952381	0.8395061728395061	0.7777777777777778	0.7613283434421645	0.04820205264697377	1	0.5674283154121863	0.7087813620071685	0.5472222222222222	0.6223118279569892	0.5675284069244261	0.7306146572104019	0.6463356973995272	0.6577792407285495	0.7781590787767864	0.6114657210401891	0.6437626529678446	0.07245554744835948	25
96	0.87581946849823	0.020675048234173016	0.024640440940856934	0.0013037382286370123	0.7	466	3	5	7	0.052222222222222225	0.9	{'subsample': 0.7, 'n_estimators': 466, 'min_child_weight': 3, 'max_depth': 5, 'gamma': 7, 'eta': 0.052222222222222225, 'colsample_bytree': 0.9}	0.7439024390243902	0.6341463414634146	0.5853658536585366	0.7073170731707317	0.6666666666666666	0.5802469135802469	0.6419753086419753	0.6785714285714286	0.7160493827160493	0.654320987654321	0.6608562395147761	0.0507527653100734	67	0.6001344086021505	0.7612007168458782	0.5652777777777778	0.5869175627240143	0.556546938152978	0.6303782505910166	0.5895981087470449	0.619815668202765	0.6925951345992526	0.6890070921985815	0.6291471658441459	0.06218913686881169	48
97	1.1363404035568236	0.021144638769528996	0.024907732009887697	0.0019049503304408438	0.9	644	5	3	3	0.2	0.7	{'subsample': 0.9, 'n_estimators': 644, 'min_child_weight': 5, 'max_depth': 3, 'gamma': 3, 'eta': 0.2, 'colsample_bytree': 0.7}	0.7804878048780488	0.7195121951219512	0.6951219512195121	0.6829268292682927	0.6666666666666666	0.6172839506172839	0.6790123456790124	0.6785714285714286	0.7530864197530864	0.7037037037037037	0.6976373295478986	0.04336252474422803	33	0.7327508960573477	0.821236559139785	0.5638888888888889	0.5730286738351255	0.5638679173339434	0.5794326241134752	0.6148936170212765	0.6237656352863726	0.721192709524899	0.6451536643026005	0.6439211185503714	0.0827954887519711	24
98	0.4194935321807861	0.014538963520058424	0.02546393871307373	0.003722502277411332	0.8	200	5	4	5	0.09444444444444444	1	{'subsample': 0.8, 'n_estimators': 200, 'min_child_weight': 5, 'max_depth': 4, 'gamma': 5, 'eta': 0.09444444444444444, 'colsample_bytree': 1}	0.7073170731707317	0.6463414634146342	0.6097560975609756	0.7317073170731707	0.6666666666666666	0.5925925925925926	0.654320987654321	0.6785714285714286	0.7037037037037037	0.691358024691358	0.6682335355099582	0.04156035443484428	59	0.4751344086021505	0.764336917562724	0.5833333333333334	0.6046146953405017	0.6678868298634941	0.6374704491725768	0.5966903073286053	0.619815668202765	0.6928239151986578	0.6340425531914894	0.6276149077796298	0.07173752569322064	49
99	1.7127161979675294	0.39566831446837814	0.020205187797546386	0.006092555459330691	1	911	4	3	0	0.2	0.9	{'subsample': 1, 'n_estimators': 911, 'min_child_weight': 4, 'max_depth': 3, 'gamma': 0, 'eta': 0.2, 'colsample_bytree': 0.9}	0.7682926829268293	0.7195121951219512	0.6829268292682927	0.7560975609756098	0.7160493827160493	0.691358024691358	0.7037037037037037	0.75	0.8024691358024691	0.7283950617283951	0.7318804576934659	0.03531514851336411	11	0.525089605734767	0.701836917562724	0.4680555555555556	0.6261200716845877	0.6032181804316327	0.6179669030732861	0.6250591016548462	0.6685319289005925	0.6528635705025547	0.5871158392434989	0.6075857674344045	0.0648974496163903	82
