	mean_fit_time	std_fit_time	mean_score_time	std_score_time	param_oversampler__k_neighbors	param_model__subsample	param_model__n_estimators	param_model__min_child_weight	param_model__max_depth	param_model__gamma	param_model__eta	param_model__colsample_bytree	params	split0_test_accuracy	split1_test_accuracy	split2_test_accuracy	split3_test_accuracy	split4_test_accuracy	split5_test_accuracy	split6_test_accuracy	split7_test_accuracy	split8_test_accuracy	split9_test_accuracy	mean_test_accuracy	std_test_accuracy	rank_test_accuracy	split0_test_balanced_accuracy	split1_test_balanced_accuracy	split2_test_balanced_accuracy	split3_test_balanced_accuracy	split4_test_balanced_accuracy	split5_test_balanced_accuracy	split6_test_balanced_accuracy	split7_test_balanced_accuracy	split8_test_balanced_accuracy	split9_test_balanced_accuracy	mean_test_balanced_accuracy	std_test_balanced_accuracy	rank_test_balanced_accuracy
0	9.093211054801941	0.5422146343945216	0.15924177169799805	0.018065878494573646	1	0.6	555	3	3	9	0.1788888888888889	0.9	{'oversampler__k_neighbors': 1, 'model__subsample': 0.6, 'model__n_estimators': 555, 'model__min_child_weight': 3, 'model__max_depth': 3, 'model__gamma': 9, 'model__eta': 0.1788888888888889, 'model__colsample_bytree': 0.9}	0.7560975609756098	0.7195121951219512	0.6341463414634146	0.7195121951219512	0.7037037037037037	0.654320987654321	0.5925925925925926	0.7023809523809523	0.7407407407407407	0.691358024691358	0.6914365294446595	0.04784199338558116	60	0.5105286738351255	0.5976702508960573	0.673611111111111	0.5900537634408601	0.5924654922595897	0.4442080378250591	0.48498817966903074	0.6373710774632434	0.606421108823305	0.6219858156028368	0.5759303510926218	0.06871056433337233	35
1	8.68837206363678	0.14276990427638056	0.14649589061737062	0.013223039868138404	4	1	555	3	10	9	0.11555555555555555	0.7	{'oversampler__k_neighbors': 4, 'model__subsample': 1, 'model__n_estimators': 555, 'model__min_child_weight': 3, 'model__max_depth': 10, 'model__gamma': 9, 'model__eta': 0.11555555555555555, 'model__colsample_bytree': 0.7}	0.7317073170731707	0.7439024390243902	0.5975609756097561	0.7073170731707317	0.6172839506172839	0.6296296296296297	0.6172839506172839	0.7142857142857143	0.6790123456790124	0.6419753086419753	0.667995870434895	0.05087704300040896	93	0.5969982078853046	0.6153673835125447	0.7291666666666666	0.5869175627240143	0.5245176542362541	0.49420803782505907	0.4951536643026005	0.640223831468071	0.567299626325021	0.5976359338061465	0.5847488568751682	0.06734204427106139	20
2	15.015434455871581	0.16422524605348132	0.15254635810852052	0.01080170855207535	2	1	1000	5	8	9	0.1366666666666667	0.8	{'oversampler__k_neighbors': 2, 'model__subsample': 1, 'model__n_estimators': 1000, 'model__min_child_weight': 5, 'model__max_depth': 8, 'model__gamma': 9, 'model__eta': 0.1366666666666667, 'model__colsample_bytree': 0.8}	0.7195121951219512	0.6951219512195121	0.6097560975609756	0.7073170731707317	0.7037037037037037	0.5925925925925926	0.6172839506172839	0.7142857142857143	0.6790123456790124	0.6666666666666666	0.6705252290618144	0.044790723567785566	88	0.5976702508960573	0.5913978494623656	0.6680555555555555	0.5831093189964157	0.6891634256081751	0.46891252955082746	0.4951536643026005	0.6362738643844635	0.5636391367345382	0.6158392434988179	0.5909214838989818	0.06571732394054178	13
3	6.966386032104492	0.09922553737532877	0.15166985988616943	0.012605950154792848	2	0.9	288	4	4	0	0.03111111111111111	0.8	{'oversampler__k_neighbors': 2, 'model__subsample': 0.9, 'model__n_estimators': 288, 'model__min_child_weight': 4, 'model__max_depth': 4, 'model__gamma': 0, 'model__eta': 0.03111111111111111, 'model__colsample_bytree': 0.8}	0.7560975609756098	0.7439024390243902	0.7073170731707317	0.8170731707317073	0.7160493827160493	0.7283950617283951	0.691358024691358	0.7261904761904762	0.7407407407407407	0.7901234567901234	0.7417247386759581	0.03609850634755411	13	0.6108870967741935	0.5073924731182796	0.6513888888888889	0.5528673835125448	0.5885762220697018	0.4988179669030733	0.541725768321513	0.5744459073952162	0.606421108823305	0.6947990543735224	0.5827321870180239	0.0583271003022928	23
4	13.11502401828766	0.14189384099903762	0.14818832874298096	0.015018858362124604	3	0.6	644	3	4	0	0.1788888888888889	0.7	{'oversampler__k_neighbors': 3, 'model__subsample': 0.6, 'model__n_estimators': 644, 'model__min_child_weight': 3, 'model__max_depth': 4, 'model__gamma': 0, 'model__eta': 0.1788888888888889, 'model__colsample_bytree': 0.7}	0.7682926829268293	0.7804878048780488	0.7073170731707317	0.7926829268292683	0.7283950617283951	0.7283950617283951	0.7037037037037037	0.7142857142857143	0.7530864197530864	0.8148148148148148	0.7491461263818987	0.036692495357305316	5	0.6140232974910395	0.6362007168458781	0.49027777777777776	0.6431451612903226	0.595668420651262	0.502836879432624	0.5407801418439716	0.4990125082290981	0.5131548844657973	0.708983451536643	0.5744083239564414	0.0717235271099209	39
5	10.812598872184754	0.08583164797220431	0.14232232570648193	0.0015488921497633468	1	0.9	733	4	4	9	0.11555555555555555	1	{'oversampler__k_neighbors': 1, 'model__subsample': 0.9, 'model__n_estimators': 733, 'model__min_child_weight': 4, 'model__max_depth': 4, 'model__gamma': 9, 'model__eta': 0.11555555555555555, 'model__colsample_bytree': 1}	0.6707317073170732	0.6585365853658537	0.6463414634146342	0.7195121951219512	0.691358024691358	0.6666666666666666	0.6296296296296297	0.7261904761904762	0.7530864197530864	0.7037037037037037	0.6865756871854434	0.036999054815015246	64	0.4543010752688172	0.4549731182795698	0.6847222222222222	0.5938620071684587	0.5743918249065812	0.5195035460992908	0.5102836879432624	0.650976519640114	0.6061923282238999	0.6290780141843971	0.5678284343936614	0.0760219457864913	58
6	7.159131765365601	0.06302242432789239	0.1462402820587158	0.010265505743396507	2	0.6	466	4	5	9	0.1788888888888889	1	{'oversampler__k_neighbors': 2, 'model__subsample': 0.6, 'model__n_estimators': 466, 'model__min_child_weight': 4, 'model__max_depth': 5, 'model__gamma': 9, 'model__eta': 0.1788888888888889, 'model__colsample_bytree': 1}	0.7682926829268293	0.6463414634146342	0.6341463414634146	0.6829268292682927	0.691358024691358	0.6296296296296297	0.6172839506172839	0.7261904761904762	0.691358024691358	0.6666666666666666	0.6754194089559943	0.044575358114995065	83	0.6216397849462365	0.6563620071684587	0.7583333333333333	0.46124551971326166	0.6784107374361321	0.49420803782505907	0.4951536643026005	0.650976519640114	0.5743918249065812	0.6158392434988179	0.6006560672770596	0.08933146426767374	5
7	6.970176529884339	0.05784622410616853	0.1437772512435913	0.006612965897086615	3	0.6	288	5	5	0	0.1577777777777778	1	{'oversampler__k_neighbors': 3, 'model__subsample': 0.6, 'model__n_estimators': 288, 'model__min_child_weight': 5, 'model__max_depth': 5, 'model__gamma': 0, 'model__eta': 0.1577777777777778, 'model__colsample_bytree': 1}	0.7317073170731707	0.7682926829268293	0.7317073170731707	0.7560975609756098	0.691358024691358	0.7160493827160493	0.691358024691358	0.6666666666666666	0.7283950617283951	0.7530864197530864	0.7234718458295694	0.030748606632091585	22	0.5893817204301075	0.6216397849462365	0.6569444444444444	0.514336917562724	0.46671242278654773	0.48770685579196216	0.5336879432624113	0.467851656791749	0.495309997712194	0.6695035460992907	0.5503075289827668	0.07382071951539836	88
8	5.261517572402954	0.06232988229170854	0.15219595432281494	0.01632892177986072	2	1	288	3	6	5	0.052222222222222225	0.8	{'oversampler__k_neighbors': 2, 'model__subsample': 1, 'model__n_estimators': 288, 'model__min_child_weight': 3, 'model__max_depth': 6, 'model__gamma': 5, 'model__eta': 0.052222222222222225, 'model__colsample_bytree': 0.8}	0.7439024390243902	0.7073170731707317	0.6951219512195121	0.7195121951219512	0.691358024691358	0.6172839506172839	0.6419753086419753	0.7380952380952381	0.6666666666666666	0.7283950617283951	0.6949627908977503	0.03972893309941343	56	0.6077508960573476	0.49036738351254483	0.7125	0.4896953405017921	0.5707313353160985	0.4911347517730496	0.5133569739952719	0.6538292736449418	0.556546938152978	0.6513002364066194	0.5737213129360643	0.07591432371831987	43
9	5.9823591947555546	0.06796019059803071	0.15519187450408936	0.01839130851605466	3	0.8	377	2	3	7	0.2	0.7	{'oversampler__k_neighbors': 3, 'model__subsample': 0.8, 'model__n_estimators': 377, 'model__min_child_weight': 2, 'model__max_depth': 3, 'model__gamma': 7, 'model__eta': 0.2, 'model__colsample_bytree': 0.7}	0.6951219512195121	0.7073170731707317	0.6097560975609756	0.6707317073170732	0.6666666666666666	0.6790123456790124	0.6419753086419753	0.7380952380952381	0.6790123456790124	0.6419753086419753	0.6729664042672173	0.03456418374572093	87	0.4643817204301075	0.49417562724014336	0.736111111111111	0.5622759856630825	0.5602074277434607	0.5306146572104019	0.509338061465721	0.6577792407285495	0.567299626325021	0.5976359338061465	0.5679819391723746	0.07636726711342216	57
10	15.605312633514405	0.12983371238577493	0.14778761863708495	0.00772954114699034	4	0.9	733	3	9	3	0.01	1	{'oversampler__k_neighbors': 4, 'model__subsample': 0.9, 'model__n_estimators': 733, 'model__min_child_weight': 3, 'model__max_depth': 9, 'model__gamma': 3, 'model__eta': 0.01, 'model__colsample_bytree': 1}	0.7195121951219512	0.6951219512195121	0.6341463414634146	0.7439024390243902	0.7160493827160493	0.654320987654321	0.7037037037037037	0.7380952380952381	0.7283950617283951	0.7160493827160493	0.7049296683443024	0.03361341245798088	38	0.482078853046595	0.47961469534050183	0.673611111111111	0.5073924731182796	0.584915732479219	0.5124113475177304	0.5488179669030733	0.6577792407285495	0.5993289102417448	0.567966903073286	0.5613917233560091	0.06509277681764622	75
11	14.779088139533997	0.14204776358749513	0.14387903213500977	0.0022788329166615676	4	1	822	3	3	3	0.01	0.7	{'oversampler__k_neighbors': 4, 'model__subsample': 1, 'model__n_estimators': 822, 'model__min_child_weight': 3, 'model__max_depth': 3, 'model__gamma': 3, 'model__eta': 0.01, 'model__colsample_bytree': 0.7}	0.6829268292682927	0.7317073170731707	0.6463414634146342	0.7317073170731707	0.654320987654321	0.6419753086419753	0.6790123456790124	0.7261904761904762	0.691358024691358	0.6666666666666666	0.6852206736353078	0.03280672071806561	67	0.4574372759856631	0.5042562724014337	0.7569444444444443	0.5004480286738352	0.5494547395714177	0.4290780141843971	0.5386524822695035	0.6470265525565065	0.578052314497064	0.6078014184397164	0.556915154302398	0.09151875883909746	80
12	14.428855085372925	0.1932557749361146	0.1421510934829712	0.001629804178153424	3	1	1000	1	8	5	0.1366666666666667	1	{'oversampler__k_neighbors': 3, 'model__subsample': 1, 'model__n_estimators': 1000, 'model__min_child_weight': 1, 'model__max_depth': 8, 'model__gamma': 5, 'model__eta': 0.1366666666666667, 'model__colsample_bytree': 1}	0.7317073170731707	0.7073170731707317	0.6097560975609756	0.7073170731707317	0.6790123456790124	0.6666666666666666	0.654320987654321	0.7023809523809523	0.7037037037037037	0.7037037037037037	0.686588592076397	0.03336016347144703	63	0.492831541218638	0.49036738351254483	0.7319444444444444	0.5831093189964157	0.567299626325021	0.5195035460992908	0.5164302600472813	0.629471143296028	0.5814840234881415	0.7053191489361702	0.5817760436363976	0.08044520035116463	24
13	13.130436968803405	0.19963859558173924	0.14466819763183594	0.004461569855684287	4	0.8	911	2	9	5	0.1577777777777778	1	{'oversampler__k_neighbors': 4, 'model__subsample': 0.8, 'model__n_estimators': 911, 'model__min_child_weight': 2, 'model__max_depth': 9, 'model__gamma': 5, 'model__eta': 0.1577777777777778, 'model__colsample_bytree': 1}	0.7439024390243902	0.7073170731707317	0.6341463414634146	0.7195121951219512	0.6790123456790124	0.654320987654321	0.6419753086419753	0.75	0.7407407407407407	0.6666666666666666	0.6937594098163203	0.04180165287639162	58	0.4959677419354838	0.48655913978494625	0.7458333333333332	0.4896953405017921	0.567299626325021	0.5043735224586289	0.509338061465721	0.6685319289005925	0.506062685884237	0.539598108747045	0.55132594893368	0.08308847302947212	87
14	12.558751392364503	0.1067192288699072	0.14295570850372313	0.002940945632665385	1	0.6	822	1	5	5	0.052222222222222225	0.7	{'oversampler__k_neighbors': 1, 'model__subsample': 0.6, 'model__n_estimators': 822, 'model__min_child_weight': 1, 'model__max_depth': 5, 'model__gamma': 5, 'model__eta': 0.052222222222222225, 'model__colsample_bytree': 0.7}	0.7682926829268293	0.6829268292682927	0.6829268292682927	0.7317073170731707	0.7160493827160493	0.654320987654321	0.6666666666666666	0.75	0.7407407407407407	0.7037037037037037	0.7097335140018066	0.035963327445525	33	0.6178315412186379	0.4650537634408602	0.7097222222222221	0.4966397849462365	0.7035766033707008	0.43617021276595747	0.5275413711583924	0.6685319289005925	0.6027606192328224	0.6290780141843971	0.585690606144082	0.09357964803026023	18
15	12.879067730903625	0.1103824428435096	0.14189741611480713	0.0014995250603857008	4	0.9	822	5	7	7	0.03111111111111111	0.9	{'oversampler__k_neighbors': 4, 'model__subsample': 0.9, 'model__n_estimators': 822, 'model__min_child_weight': 5, 'model__max_depth': 7, 'model__gamma': 7, 'model__eta': 0.03111111111111111, 'model__colsample_bytree': 0.9}	0.7073170731707317	0.6951219512195121	0.6341463414634146	0.7195121951219512	0.6419753086419753	0.6666666666666666	0.6790123456790124	0.7142857142857143	0.7037037037037037	0.691358024691358	0.685309932464404	0.028013790393362877	66	0.471326164874552	0.47961469534050183	0.75	0.49350358422939067	0.5423625409898574	0.5195035460992908	0.5346335697399528	0.640223831468071	0.5814840234881415	0.6300236406619385	0.5642675596891696	0.0831021865353736	68
16	13.689887142181396	0.11649087715720453	0.1447455406188965	0.00393239760618409	3	1	644	1	5	3	0.01	0.9	{'oversampler__k_neighbors': 3, 'model__subsample': 1, 'model__n_estimators': 644, 'model__min_child_weight': 1, 'model__max_depth': 5, 'model__gamma': 3, 'model__eta': 0.01, 'model__colsample_bytree': 0.9}	0.7317073170731707	0.7073170731707317	0.6585365853658537	0.7073170731707317	0.7160493827160493	0.6790123456790124	0.691358024691358	0.7142857142857143	0.7160493827160493	0.7160493827160493	0.7037682281584721	0.020449076885313354	40	0.4966397849462365	0.49036738351254483	0.7680555555555556	0.48275089605734767	0.584915732479219	0.5306146572104019	0.46548463356973996	0.6362738643844635	0.5885762220697018	0.6401891252955082	0.568386785508072	0.08994243711135327	56
17	7.743503212928772	0.09243532021632013	0.1461092233657837	0.011658130593971446	1	0.7	377	2	7	9	0.01	0.7	{'oversampler__k_neighbors': 1, 'model__subsample': 0.7, 'model__n_estimators': 377, 'model__min_child_weight': 2, 'model__max_depth': 7, 'model__gamma': 9, 'model__eta': 0.01, 'model__colsample_bytree': 0.7}	0.7439024390243902	0.6951219512195121	0.6097560975609756	0.7073170731707317	0.6790123456790124	0.6419753086419753	0.6049382716049383	0.7261904761904762	0.7160493827160493	0.654320987654321	0.6778584333462382	0.04595694267969743	78	0.6077508960573476	0.587589605734767	0.7402777777777777	0.5869175627240143	0.6713185388545718	0.4972813238770685	0.492080378250591	0.650976519640114	0.5885762220697018	0.6047281323877068	0.602749695737366	0.07072698196050133	4
18	14.98792498111725	0.17058000252150504	0.14814431667327882	0.010393455405506118	4	0.7	644	2	6	0	0.11555555555555555	0.9	{'oversampler__k_neighbors': 4, 'model__subsample': 0.7, 'model__n_estimators': 644, 'model__min_child_weight': 2, 'model__max_depth': 6, 'model__gamma': 0, 'model__eta': 0.11555555555555555, 'model__colsample_bytree': 0.9}	0.7560975609756098	0.7073170731707317	0.7073170731707317	0.7682926829268293	0.7160493827160493	0.691358024691358	0.691358024691358	0.7023809523809523	0.7654320987654321	0.7777777777777778	0.7283380651266829	0.03260491989909298	21	0.5029121863799283	0.4789426523297491	0.5666666666666667	0.5212813620071685	0.4808968199496683	0.47352245862884157	0.5336879432624113	0.4882598200570551	0.527568062228323	0.6034278959810875	0.51771658674909	0.0400081089616866	100
19	10.94834611415863	0.1538634696499724	0.15127863883972167	0.01527268819190468	3	0.8	733	4	5	5	0.2	0.9	{'oversampler__k_neighbors': 3, 'model__subsample': 0.8, 'model__n_estimators': 733, 'model__min_child_weight': 4, 'model__max_depth': 5, 'model__gamma': 5, 'model__eta': 0.2, 'model__colsample_bytree': 0.9}	0.7073170731707317	0.6707317073170732	0.6341463414634146	0.7073170731707317	0.6790123456790124	0.6296296296296297	0.6790123456790124	0.7380952380952381	0.691358024691358	0.6666666666666666	0.6803286445562867	0.031465518391734955	72	0.4751344086021505	0.46572580645161293	0.673611111111111	0.5831093189964157	0.5709601159155037	0.41394799054373516	0.5346335697399528	0.6577792407285495	0.47037291237703044	0.6078014184397164	0.5453075892905777	0.08327435847225083	94
20	4.229545450210571	0.05633878983504563	0.145088529586792	0.009746042673966508	2	0.8	200	3	5	3	0.052222222222222225	0.8	{'oversampler__k_neighbors': 2, 'model__subsample': 0.8, 'model__n_estimators': 200, 'model__min_child_weight': 3, 'model__max_depth': 5, 'model__gamma': 3, 'model__eta': 0.052222222222222225, 'model__colsample_bytree': 0.8}	0.7682926829268293	0.7439024390243902	0.6829268292682927	0.7439024390243902	0.7037037037037037	0.6666666666666666	0.6666666666666666	0.75	0.7160493827160493	0.7037037037037037	0.7145814513700692	0.03419252040171978	25	0.6178315412186379	0.5073924731182796	0.7138888888888889	0.5073924731182796	0.5814840234881415	0.4513002364066194	0.5275413711583924	0.6685319289005925	0.5958972012506673	0.6290780141843971	0.5800338151732898	0.07727753146767397	29
21	18.7675861120224	0.1643296653663525	0.1473024845123291	0.00996973570441093	1	0.8	733	2	6	0	0.03111111111111111	0.7	{'oversampler__k_neighbors': 1, 'model__subsample': 0.8, 'model__n_estimators': 733, 'model__min_child_weight': 2, 'model__max_depth': 6, 'model__gamma': 0, 'model__eta': 0.03111111111111111, 'model__colsample_bytree': 0.7}	0.7926829268292683	0.7439024390243902	0.7317073170731707	0.8048780487804879	0.7407407407407407	0.7283950617283951	0.7407407407407407	0.7380952380952381	0.7654320987654321	0.8148148148148148	0.7601389426592678	0.030653430095625385	1	0.6355286738351255	0.503584229390681	0.6569444444444444	0.5459229390681003	0.606421108823305	0.502836879432624	0.5700945626477542	0.5851985955672592	0.5202470830473577	0.708983451536643	0.5835761967793294	0.0654683988662423	22
22	6.756242561340332	0.14461747297133767	0.1402815580368042	0.009059153767307293	3	0.9	377	4	9	7	0.03111111111111111	0.7	{'oversampler__k_neighbors': 3, 'model__subsample': 0.9, 'model__n_estimators': 377, 'model__min_child_weight': 4, 'model__max_depth': 9, 'model__gamma': 7, 'model__eta': 0.03111111111111111, 'model__colsample_bytree': 0.7}	0.7195121951219512	0.6829268292682927	0.6341463414634146	0.7073170731707317	0.691358024691358	0.6296296296296297	0.6419753086419753	0.7142857142857143	0.691358024691358	0.6296296296296297	0.6742138770594055	0.034695119863057476	84	0.482078853046595	0.4802867383512545	0.7541666666666668	0.5831093189964157	0.5743918249065812	0.49018912529550834	0.509338061465721	0.640223831468071	0.5743918249065812	0.5865248226950355	0.5674701067798431	0.08068239472578681	60
23	3.607169818878174	0.0556481940654036	0.1423367977142334	0.010666171463479006	4	0.6	200	5	10	7	0.1577777777777778	0.7	{'oversampler__k_neighbors': 4, 'model__subsample': 0.6, 'model__n_estimators': 200, 'model__min_child_weight': 5, 'model__max_depth': 10, 'model__gamma': 7, 'model__eta': 0.1577777777777778, 'model__colsample_bytree': 0.7}	0.7317073170731707	0.6829268292682927	0.6585365853658537	0.7073170731707317	0.6666666666666666	0.6049382716049383	0.6419753086419753	0.7380952380952381	0.7160493827160493	0.6296296296296297	0.6777842302232545	0.04278986347362174	79	0.4890232974910394	0.4650537634408602	0.7680555555555556	0.5869175627240143	0.5602074277434607	0.47600472813238764	0.5133569739952719	0.5851985955672592	0.5922367116601845	0.5905437352245863	0.5626598351534621	0.08356513474041687	73
24	12.207965850830078	0.1410920557731855	0.1436603307723999	0.0031363396192699436	3	0.6	822	2	9	5	0.1577777777777778	0.9	{'oversampler__k_neighbors': 3, 'model__subsample': 0.6, 'model__n_estimators': 822, 'model__min_child_weight': 2, 'model__max_depth': 9, 'model__gamma': 5, 'model__eta': 0.1577777777777778, 'model__colsample_bytree': 0.9}	0.7804878048780488	0.7073170731707317	0.6585365853658537	0.7317073170731707	0.6666666666666666	0.654320987654321	0.7037037037037037	0.7261904761904762	0.7037037037037037	0.7160493827160493	0.7048683701122724	0.03631532263158531	39	0.5282258064516129	0.49036738351254483	0.7722222222222221	0.4890232974910394	0.556546938152978	0.4401891252955083	0.5488179669030733	0.650976519640114	0.5814840234881415	0.6482269503546099	0.5706080233511844	0.09264062571141658	48
25	25.321480917930604	0.25702482688028694	0.15593931674957276	0.013505421313175394	4	1	911	1	7	0	0.03111111111111111	0.7	{'oversampler__k_neighbors': 4, 'model__subsample': 1, 'model__n_estimators': 911, 'model__min_child_weight': 1, 'model__max_depth': 7, 'model__gamma': 0, 'model__eta': 0.03111111111111111, 'model__colsample_bytree': 0.7}	0.7439024390243902	0.7682926829268293	0.7073170731707317	0.8048780487804879	0.7160493827160493	0.7037037037037037	0.7160493827160493	0.6666666666666666	0.7160493827160493	0.7777777777777778	0.7320686540198735	0.03912445906072501	20	0.4959677419354838	0.5212813620071685	0.5666666666666667	0.5459229390681003	0.5885762220697018	0.4846335697399527	0.5559101654846336	0.4560017555409261	0.48821779913063373	0.6114657210401891	0.5314643942683456	0.04778025619829787	98
26	6.210307502746582	0.0407935475614381	0.15442540645599365	0.016574171596282456	3	0.9	377	3	10	3	0.1577777777777778	1	{'oversampler__k_neighbors': 3, 'model__subsample': 0.9, 'model__n_estimators': 377, 'model__min_child_weight': 3, 'model__max_depth': 10, 'model__gamma': 3, 'model__eta': 0.1577777777777778, 'model__colsample_bytree': 1}	0.7682926829268293	0.6585365853658537	0.6951219512195121	0.7439024390243902	0.7283950617283951	0.6296296296296297	0.7160493827160493	0.7261904761904762	0.691358024691358	0.7283950617283951	0.7085871295220888	0.03896112475973779	34	0.5212813620071685	0.4587813620071685	0.7166666666666667	0.5073924731182796	0.595668420651262	0.49420803782505907	0.5599290780141843	0.6430765854728988	0.46671242278654773	0.7275413711583925	0.5691257779707628	0.09354077689052022	54
27	4.413563966751099	0.07832953857142497	0.156549334526062	0.019286044813045525	2	0.8	200	1	7	3	0.052222222222222225	0.9	{'oversampler__k_neighbors': 2, 'model__subsample': 0.8, 'model__n_estimators': 200, 'model__min_child_weight': 1, 'model__max_depth': 7, 'model__gamma': 3, 'model__eta': 0.052222222222222225, 'model__colsample_bytree': 0.9}	0.7682926829268293	0.7073170731707317	0.6951219512195121	0.7560975609756098	0.7037037037037037	0.6666666666666666	0.6790123456790124	0.7380952380952381	0.691358024691358	0.7283950617283951	0.7134060308857056	0.03160453411588763	26	0.6178315412186379	0.48655913978494625	0.7166666666666667	0.514336917562724	0.5814840234881415	0.5275413711583924	0.5386524822695035	0.6577792407285495	0.46671242278654773	0.6472813238770686	0.5754845129541178	0.0779885447222968	37
28	12.252535963058472	0.17146040580056238	0.1522576093673706	0.015672747163066318	4	1	555	2	6	0	0.2	0.8	{'oversampler__k_neighbors': 4, 'model__subsample': 1, 'model__n_estimators': 555, 'model__min_child_weight': 2, 'model__max_depth': 6, 'model__gamma': 0, 'model__eta': 0.2, 'model__colsample_bytree': 0.8}	0.7682926829268293	0.7317073170731707	0.7195121951219512	0.7926829268292683	0.7407407407407407	0.7160493827160493	0.691358024691358	0.7142857142857143	0.7407407407407407	0.7901234567901234	0.7405493181915945	0.031899568264902874	16	0.5174731182795699	0.4966397849462365	0.5819444444444445	0.5389784946236559	0.606421108823305	0.491725768321513	0.5336879432624113	0.4950625411454905	0.506062685884237	0.6907801418439717	0.5458776031574836	0.06040716946495532	93
29	12.349718832969666	0.10445867530725361	0.15023562908172608	0.012169232491688506	4	0.7	822	4	8	3	0.1577777777777778	0.8	{'oversampler__k_neighbors': 4, 'model__subsample': 0.7, 'model__n_estimators': 822, 'model__min_child_weight': 4, 'model__max_depth': 8, 'model__gamma': 3, 'model__eta': 0.1577777777777778, 'model__colsample_bytree': 0.8}	0.7560975609756098	0.7073170731707317	0.6585365853658537	0.7439024390243902	0.7037037037037037	0.691358024691358	0.7407407407407407	0.6904761904761905	0.691358024691358	0.7407407407407407	0.7124231083580677	0.029794600778493593	28	0.6108870967741935	0.48655913978494625	0.611111111111111	0.503584229390681	0.574163044307176	0.46548463356973996	0.5781323877068557	0.47355716480140436	0.5707313353160985	0.6624113475177306	0.5536621490279938	0.06396451913751545	85
30	5.9468320369720455	0.06301487602199875	0.1444019317626953	0.0029363492224788023	3	1	377	5	3	7	0.1788888888888889	0.9	{'oversampler__k_neighbors': 3, 'model__subsample': 1, 'model__n_estimators': 377, 'model__min_child_weight': 5, 'model__max_depth': 3, 'model__gamma': 7, 'model__eta': 0.1788888888888889, 'model__colsample_bytree': 0.9}	0.6707317073170732	0.7073170731707317	0.573170731707317	0.6829268292682927	0.6790123456790124	0.6296296296296297	0.6666666666666666	0.7142857142857143	0.691358024691358	0.6790123456790124	0.6694111068094808	0.03892730902528167	90	0.4543010752688172	0.49798387096774194	0.7152777777777777	0.5692204301075269	0.5709601159155037	0.49822695035460995	0.5275413711583924	0.6441737985516788	0.5707313353160985	0.6991725768321513	0.5747589302250299	0.082822219114565	38
31	9.715649938583374	0.09656972911590558	0.14971492290496827	0.015686515932184533	1	0.6	644	3	8	9	0.11555555555555555	0.8	{'oversampler__k_neighbors': 1, 'model__subsample': 0.6, 'model__n_estimators': 644, 'model__min_child_weight': 3, 'model__max_depth': 8, 'model__gamma': 9, 'model__eta': 0.11555555555555555, 'model__colsample_bytree': 0.8}	0.7317073170731707	0.6829268292682927	0.6341463414634146	0.7195121951219512	0.6790123456790124	0.6666666666666666	0.6049382716049383	0.7380952380952381	0.7654320987654321	0.6296296296296297	0.6852066933367746	0.05009868130652813	68	0.5969982078853046	0.47267025089605735	0.7541666666666668	0.5938620071684587	0.5746206055059864	0.5195035460992908	0.4960992907801418	0.6617292078121572	0.6206055059864256	0.5905437352245863	0.5880799024025075	0.07800620335074877	15
32	4.2535665273666385	0.04132210250572489	0.13938579559326172	0.00684030880753546	4	1	200	5	3	0	0.2	0.7	{'oversampler__k_neighbors': 4, 'model__subsample': 1, 'model__n_estimators': 200, 'model__min_child_weight': 5, 'model__max_depth': 3, 'model__gamma': 0, 'model__eta': 0.2, 'model__colsample_bytree': 0.7}	0.7073170731707317	0.7439024390243902	0.7317073170731707	0.8048780487804879	0.7407407407407407	0.7407407407407407	0.7037037037037037	0.6666666666666666	0.7160493827160493	0.7654320987654321	0.7321138211382113	0.03557546118035117	19	0.471326164874552	0.6153673835125447	0.5805555555555556	0.5459229390681003	0.6027606192328224	0.5099290780141844	0.5488179669030733	0.46390168970814133	0.48821779913063373	0.6003546099290781	0.5427153805928685	0.053887271053614995	96
33	4.723381423950196	0.07196629535362066	0.1428149461746216	0.0111738785776286	3	0.6	200	5	7	9	0.01	1	{'oversampler__k_neighbors': 3, 'model__subsample': 0.6, 'model__n_estimators': 200, 'model__min_child_weight': 5, 'model__max_depth': 7, 'model__gamma': 9, 'model__eta': 0.01, 'model__colsample_bytree': 1}	0.7317073170731707	0.7195121951219512	0.5975609756097561	0.6829268292682927	0.6790123456790124	0.6172839506172839	0.5802469135802469	0.7261904761904762	0.6790123456790124	0.6049382716049383	0.6618391620424141	0.05421735340639478	99	0.5931899641577061	0.8136200716845878	0.7333333333333334	0.5692204301075269	0.567299626325021	0.4911347517730496	0.47387706855791967	0.650976519640114	0.5636391367345382	0.5723404255319149	0.6028631327845713	0.0989124949433341	3
34	7.129608249664306	0.16811645925632093	0.14798252582550048	0.013666448528820433	1	1	466	1	3	7	0.2	1	{'oversampler__k_neighbors': 1, 'model__subsample': 1, 'model__n_estimators': 466, 'model__min_child_weight': 1, 'model__max_depth': 3, 'model__gamma': 7, 'model__eta': 0.2, 'model__colsample_bytree': 1}	0.6707317073170732	0.7195121951219512	0.6951219512195121	0.7195121951219512	0.7283950617283951	0.6790123456790124	0.654320987654321	0.7142857142857143	0.7160493827160493	0.6666666666666666	0.6963608207510646	0.02532894064116656	51	0.4543010752688172	0.6052867383512545	0.7972222222222222	0.5976702508960573	0.6029893998322275	0.4543735224586289	0.5284869976359338	0.6441737985516788	0.5885762220697018	0.6037825059101655	0.5876862733196686	0.09331030586330227	16
35	5.182962870597839	0.2587080443605077	0.15490121841430665	0.026948718256766868	1	0.7	288	3	6	7	0.2	0.8	{'oversampler__k_neighbors': 1, 'model__subsample': 0.7, 'model__n_estimators': 288, 'model__min_child_weight': 3, 'model__max_depth': 6, 'model__gamma': 7, 'model__eta': 0.2, 'model__colsample_bytree': 0.8}	0.7317073170731707	0.7073170731707317	0.6341463414634146	0.7073170731707317	0.691358024691358	0.6666666666666666	0.6049382716049383	0.7380952380952381	0.7530864197530864	0.691358024691358	0.6925990450380693	0.04412258151274687	59	0.492831541218638	0.48275089605734767	0.6777777777777777	0.5793010752688171	0.6820712270266148	0.44728132387706854	0.492080378250591	0.6617292078121572	0.5131548844657973	0.6260047281323877	0.5654983039887197	0.08575589136198829	65
36	9.703045868873597	0.1511220042194251	0.1434783697128296	0.006135239420125449	4	0.6	555	1	9	3	0.03111111111111111	0.7	{'oversampler__k_neighbors': 4, 'model__subsample': 0.6, 'model__n_estimators': 555, 'model__min_child_weight': 1, 'model__max_depth': 9, 'model__gamma': 3, 'model__eta': 0.03111111111111111, 'model__colsample_bytree': 0.7}	0.7439024390243902	0.7439024390243902	0.6341463414634146	0.7560975609756098	0.691358024691358	0.6666666666666666	0.691358024691358	0.75	0.7037037037037037	0.7283950617283951	0.7109530261969286	0.03836570956362681	31	0.49215949820788535	0.5112007168458782	0.7416666666666667	0.514336917562724	0.5743918249065812	0.5235224586288416	0.5457446808510639	0.6685319289005925	0.5814840234881415	0.6553191489361702	0.5808357864994546	0.07797290002777066	26
37	13.149527764320373	0.20733309786765897	0.17239656448364257	0.037474827050140755	1	0.8	733	5	5	9	0.01	1	{'oversampler__k_neighbors': 1, 'model__subsample': 0.8, 'model__n_estimators': 733, 'model__min_child_weight': 5, 'model__max_depth': 5, 'model__gamma': 9, 'model__eta': 0.01, 'model__colsample_bytree': 1}	0.7073170731707317	0.7073170731707317	0.6341463414634146	0.7195121951219512	0.6790123456790124	0.6419753086419753	0.6172839506172839	0.7261904761904762	0.7160493827160493	0.6419753086419753	0.6790779455413601	0.039251580089747246	76	0.4789426523297491	0.5945340501792115	0.6777777777777777	0.5900537634408601	0.567299626325021	0.5013002364066194	0.5031914893617021	0.650976519640114	0.584915732479219	0.5936170212765958	0.574260886921687	0.06103914936503953	42
38	10.175563645362853	0.2627606753131538	0.14393537044525145	0.010517833165620615	3	0.6	644	4	9	7	0.1366666666666667	0.9	{'oversampler__k_neighbors': 3, 'model__subsample': 0.6, 'model__n_estimators': 644, 'model__min_child_weight': 4, 'model__max_depth': 9, 'model__gamma': 7, 'model__eta': 0.1366666666666667, 'model__colsample_bytree': 0.9}	0.7439024390243902	0.6829268292682927	0.5975609756097561	0.7195121951219512	0.691358024691358	0.6419753086419753	0.6666666666666666	0.7023809523809523	0.691358024691358	0.654320987654321	0.6791962403751022	0.03935100651598847	75	0.503584229390681	0.47647849462365593	0.725	0.5900537634408601	0.578052314497064	0.433096926713948	0.5275413711583924	0.5608404652183454	0.5707313353160985	0.600709219858156	0.5566088120217201	0.07578176254681962	81
39	13.375184965133666	0.1768941634395482	0.14197447299957275	0.005785917406988811	4	1	555	5	9	0	0.11555555555555555	1	{'oversampler__k_neighbors': 4, 'model__subsample': 1, 'model__n_estimators': 555, 'model__min_child_weight': 5, 'model__max_depth': 9, 'model__gamma': 0, 'model__eta': 0.11555555555555555, 'model__colsample_bytree': 1}	0.7439024390243902	0.7195121951219512	0.6951219512195121	0.7926829268292683	0.7283950617283951	0.7283950617283951	0.7037037037037037	0.6904761904761905	0.7654320987654321	0.7654320987654321	0.7333053727362671	0.03179510999050453	18	0.4997759856630824	0.4896953405017921	0.5597222222222222	0.5389784946236559	0.5993289102417448	0.4988179669030733	0.5447990543735225	0.5461378099626947	0.5312285518188058	0.5200945626477541	0.5328578898958348	0.03127009764246147	97
40	15.027408838272095	0.2843491094377061	0.16263082027435302	0.03882426194633723	1	0.9	644	1	5	0	0.11555555555555555	0.8	{'oversampler__k_neighbors': 1, 'model__subsample': 0.9, 'model__n_estimators': 644, 'model__min_child_weight': 1, 'model__max_depth': 5, 'model__gamma': 0, 'model__eta': 0.11555555555555555, 'model__colsample_bytree': 0.8}	0.7926829268292683	0.7439024390243902	0.7317073170731707	0.7682926829268293	0.7283950617283951	0.7283950617283951	0.7283950617283951	0.7380952380952381	0.7283950617283951	0.7901234567901234	0.7478384307652599	0.024698667466077278	7	0.639336917562724	0.6115591397849462	0.5847222222222223	0.5212813620071685	0.595668420651262	0.502836879432624	0.5589834515366431	0.5891485626508668	0.495309997712194	0.6907801418439717	0.5789627095404623	0.058434528841306586	31
41	10.09289059638977	0.18351909361199617	0.13970866203308105	0.01026804348564892	2	0.8	644	3	7	3	0.1366666666666667	0.8	{'oversampler__k_neighbors': 2, 'model__subsample': 0.8, 'model__n_estimators': 644, 'model__min_child_weight': 3, 'model__max_depth': 7, 'model__gamma': 3, 'model__eta': 0.1366666666666667, 'model__colsample_bytree': 0.8}	0.7073170731707317	0.6951219512195121	0.6463414634146342	0.7682926829268293	0.691358024691358	0.654320987654321	0.6666666666666666	0.7380952380952381	0.7160493827160493	0.7530864197530864	0.7036649890308426	0.039096684506591026	42	0.5793010752688171	0.4758064516129032	0.6805555555555555	0.5174731182795699	0.5707313353160985	0.43617021276595747	0.5235224586288416	0.6617292078121572	0.48455730954015097	0.66548463356974	0.5595331358349791	0.08230924072852364	78
42	10.66781587600708	0.40170727360310554	0.15251693725585938	0.015416985019079983	3	1	644	4	5	5	0.11555555555555555	0.7	{'oversampler__k_neighbors': 3, 'model__subsample': 1, 'model__n_estimators': 644, 'model__min_child_weight': 4, 'model__max_depth': 5, 'model__gamma': 5, 'model__eta': 0.11555555555555555, 'model__colsample_bytree': 0.7}	0.7195121951219512	0.7317073170731707	0.6341463414634146	0.6951219512195121	0.6666666666666666	0.654320987654321	0.691358024691358	0.7261904761904762	0.7283950617283951	0.691358024691358	0.6938777046500624	0.03195469565118157	57	0.4896953405017921	0.5080645161290323	0.75	0.47199820788530467	0.556546938152978	0.5083924349881797	0.541725768321513	0.6470265525565065	0.6029893998322275	0.6219858156028368	0.5698424973970371	0.08172439668001459	50
43	10.254188466072083	0.1619442033644219	0.1434027671813965	0.007323950223669298	1	0.9	644	4	6	9	0.052222222222222225	0.7	{'oversampler__k_neighbors': 1, 'model__subsample': 0.9, 'model__n_estimators': 644, 'model__min_child_weight': 4, 'model__max_depth': 6, 'model__gamma': 9, 'model__eta': 0.052222222222222225, 'model__colsample_bytree': 0.7}	0.6829268292682927	0.6951219512195121	0.6585365853658537	0.7317073170731707	0.691358024691358	0.6666666666666666	0.6172839506172839	0.7261904761904762	0.7037037037037037	0.6296296296296297	0.6803125134425947	0.03583751264033607	73	0.46124551971326166	0.47961469534050183	0.7680555555555556	0.5969982078853046	0.6784107374361321	0.51548463356974	0.5031914893617021	0.650976519640114	0.5778235338976588	0.5825059101654846	0.5814306802565455	0.09198278890744332	25
44	6.756252717971802	0.04833508593536457	0.15116708278656005	0.016362669689235092	4	0.9	288	5	8	7	0.01	0.7	{'oversampler__k_neighbors': 4, 'model__subsample': 0.9, 'model__n_estimators': 288, 'model__min_child_weight': 5, 'model__max_depth': 8, 'model__gamma': 7, 'model__eta': 0.01, 'model__colsample_bytree': 0.7}	0.7195121951219512	0.6585365853658537	0.6219512195121951	0.7317073170731707	0.654320987654321	0.6296296296296297	0.654320987654321	0.7142857142857143	0.691358024691358	0.654320987654321	0.6729943648642835	0.036598270744612194	86	0.482078853046595	0.4587813620071685	0.7430555555555555	0.6046146953405017	0.5567757187523831	0.49822695035460995	0.5204491725768321	0.640223831468071	0.578052314497064	0.6047281323877068	0.5686986585986488	0.08075455856389889	55
45	3.9153863906860353	0.04631565481851491	0.15165441036224364	0.011260188803593064	3	0.7	200	4	3	3	0.09444444444444444	0.9	{'oversampler__k_neighbors': 3, 'model__subsample': 0.7, 'model__n_estimators': 200, 'model__min_child_weight': 4, 'model__max_depth': 3, 'model__gamma': 3, 'model__eta': 0.09444444444444444, 'model__colsample_bytree': 0.9}	0.7804878048780488	0.6951219512195121	0.6829268292682927	0.7439024390243902	0.691358024691358	0.7283950617283951	0.7037037037037037	0.7261904761904762	0.7530864197530864	0.7037037037037037	0.7208876414160967	0.029615149638606602	24	0.5282258064516129	0.47961469534050183	0.7861111111111111	0.6077508960573476	0.578052314497064	0.4988179669030733	0.5568557919621749	0.6549264867237218	0.6098528178143826	0.6371158392434988	0.5937323726104488	0.08427411041859861	8
46	16.5325031042099	0.3907592857505756	0.20886428356170655	0.06552205028593931	3	0.9	822	1	3	0	0.09444444444444444	0.9	{'oversampler__k_neighbors': 3, 'model__subsample': 0.9, 'model__n_estimators': 822, 'model__min_child_weight': 1, 'model__max_depth': 3, 'model__gamma': 0, 'model__eta': 0.09444444444444444, 'model__colsample_bytree': 0.9}	0.7560975609756098	0.7073170731707317	0.7439024390243902	0.8048780487804879	0.7407407407407407	0.7654320987654321	0.691358024691358	0.6904761904761905	0.7407407407407407	0.7901234567901234	0.7431066374155805	0.036652534554444574	12	0.6146953405017921	0.5907258064516129	0.5916666666666667	0.650089605734767	0.5991001296423396	0.524113475177305	0.4614657210401891	0.4775071318850121	0.4950812171127888	0.6907801418439717	0.5695225236056445	0.07266114493309506	53
47	10.565638637542724	0.1662377310666601	0.15394608974456786	0.01766351420248677	4	1	644	2	8	5	0.1788888888888889	0.9	{'oversampler__k_neighbors': 4, 'model__subsample': 1, 'model__n_estimators': 644, 'model__min_child_weight': 2, 'model__max_depth': 8, 'model__gamma': 5, 'model__eta': 0.1788888888888889, 'model__colsample_bytree': 0.9}	0.7073170731707317	0.6829268292682927	0.6097560975609756	0.6951219512195121	0.6666666666666666	0.6790123456790124	0.654320987654321	0.7380952380952381	0.6296296296296297	0.691358024691358	0.6754204843635737	0.03547865408869377	82	0.48275089605734767	0.47267025089605735	0.7277777777777779	0.4758064516129032	0.556546938152978	0.5306146572104019	0.5164302600472813	0.6577792407285495	0.5279493632273317	0.6340425531914894	0.5582368388902117	0.08224647423336649	79
48	17.439933443069457	0.376224377166703	0.15178964138031006	0.012864358046170726	4	0.9	1000	2	4	5	0.03111111111111111	0.7	{'oversampler__k_neighbors': 4, 'model__subsample': 0.9, 'model__n_estimators': 1000, 'model__min_child_weight': 2, 'model__max_depth': 4, 'model__gamma': 5, 'model__eta': 0.03111111111111111, 'model__colsample_bytree': 0.7}	0.6829268292682927	0.6951219512195121	0.6219512195121951	0.7317073170731707	0.654320987654321	0.6666666666666666	0.691358024691358	0.7142857142857143	0.7037037037037037	0.6790123456790124	0.6841054759753946	0.02969266470959043	69	0.4574372759856631	0.47961469534050183	0.7430555555555555	0.5004480286738352	0.545794249980935	0.5195035460992908	0.541725768321513	0.640223831468071	0.5814840234881415	0.6189125295508274	0.5628199504464334	0.08154813809041407	71
49	14.36264202594757	0.5254849235067132	0.16045765876770018	0.0389058066881556	1	1	822	3	9	5	0.09444444444444444	1	{'oversampler__k_neighbors': 1, 'model__subsample': 1, 'model__n_estimators': 822, 'model__min_child_weight': 3, 'model__max_depth': 9, 'model__gamma': 5, 'model__eta': 0.09444444444444444, 'model__colsample_bytree': 1}	0.7560975609756098	0.7317073170731707	0.6585365853658537	0.7439024390243902	0.7160493827160493	0.6419753086419753	0.6666666666666666	0.7142857142857143	0.7037037037037037	0.7037037037037037	0.7036628382156838	0.035541300552506004	43	0.5067204301075269	0.4966397849462365	0.6958333333333333	0.6077508960573476	0.68893464500877	0.509338061465721	0.5275413711583924	0.6441737985516788	0.48112560054907344	0.633096926713948	0.5791154847892028	0.07926156166976574	30
50	10.946690034866332	0.6435728522924387	0.1941917657852173	0.041573795323755124	4	1	555	5	10	9	0.1788888888888889	0.8	{'oversampler__k_neighbors': 4, 'model__subsample': 1, 'model__n_estimators': 555, 'model__min_child_weight': 5, 'model__max_depth': 10, 'model__gamma': 9, 'model__eta': 0.1788888888888889, 'model__colsample_bytree': 0.8}	0.6951219512195121	0.6585365853658537	0.5975609756097561	0.7317073170731707	0.6296296296296297	0.6296296296296297	0.6419753086419753	0.7142857142857143	0.691358024691358	0.6419753086419753	0.6631780444788574	0.040743130389581064	97	0.47199820788530467	0.4549731182795698	0.7291666666666666	0.6008064516129031	0.5316098528178144	0.49822695035460995	0.5133569739952719	0.640223831468071	0.5743918249065812	0.5936170212765958	0.5608370899263388	0.07976280811360692	76
51	28.242126417160033	1.3109960029526064	0.1682570457458496	0.03642180590872303	3	0.7	911	3	6	0	0.03111111111111111	0.8	{'oversampler__k_neighbors': 3, 'model__subsample': 0.7, 'model__n_estimators': 911, 'model__min_child_weight': 3, 'model__max_depth': 6, 'model__gamma': 0, 'model__eta': 0.03111111111111111, 'model__colsample_bytree': 0.8}	0.7804878048780488	0.7439024390243902	0.7439024390243902	0.7926829268292683	0.7283950617283951	0.7407407407407407	0.7283950617283951	0.7023809523809523	0.7777777777777778	0.8024691358024691	0.7541134339914828	0.03077005856416093	3	0.6247759856630825	0.5073924731182796	0.5916666666666667	0.5389784946236559	0.595668420651262	0.5059101654846335	0.5589834515366431	0.5647904323019531	0.5309997712194007	0.7018912529550828	0.572105711422066	0.056691047049353654	46
52	16.998245525360108	0.6882394881601761	0.1811758041381836	0.049237248269492224	3	1	1000	1	6	3	0.1788888888888889	0.8	{'oversampler__k_neighbors': 3, 'model__subsample': 1, 'model__n_estimators': 1000, 'model__min_child_weight': 1, 'model__max_depth': 6, 'model__gamma': 3, 'model__eta': 0.1788888888888889, 'model__colsample_bytree': 0.8}	0.7560975609756098	0.6829268292682927	0.6463414634146342	0.7560975609756098	0.7037037037037037	0.6666666666666666	0.6296296296296297	0.7261904761904762	0.691358024691358	0.7283950617283951	0.6987406977244375	0.041343037925516184	47	0.5067204301075269	0.47267025089605735	0.6847222222222222	0.5105286738351255	0.5814840234881415	0.4513002364066194	0.4260047281323877	0.6470265525565065	0.46671242278654773	0.7235224586288416	0.5470691999059976	0.10002195194353757	92
53	34.091144585609435	1.924254001509918	0.21049587726593016	0.051635797851943256	2	0.6	822	2	6	0	0.01	0.8	{'oversampler__k_neighbors': 2, 'model__subsample': 0.6, 'model__n_estimators': 822, 'model__min_child_weight': 2, 'model__max_depth': 6, 'model__gamma': 0, 'model__eta': 0.01, 'model__colsample_bytree': 0.8}	0.7926829268292683	0.7317073170731707	0.7560975609756098	0.8170731707317073	0.7407407407407407	0.7407407407407407	0.7407407407407407	0.7380952380952381	0.7407407407407407	0.8024691358024691	0.7601088312470426	0.029846657061396508	2	0.6355286738351255	0.5042562724014337	0.6749999999999999	0.5528673835125448	0.606421108823305	0.5059101654846335	0.574113475177305	0.5851985955672592	0.5024021962937543	0.7018912529550828	0.5843589124050445	0.06746827063119437	21
54	20.0734605550766	3.000584980014895	0.14125583171844483	0.003727068809845795	4	0.8	1000	4	9	7	0.01	0.8	{'oversampler__k_neighbors': 4, 'model__subsample': 0.8, 'model__n_estimators': 1000, 'model__min_child_weight': 4, 'model__max_depth': 9, 'model__gamma': 7, 'model__eta': 0.01, 'model__colsample_bytree': 0.8}	0.7073170731707317	0.6951219512195121	0.5975609756097561	0.7439024390243902	0.6790123456790124	0.6666666666666666	0.6419753086419753	0.7142857142857143	0.7160493827160493	0.654320987654321	0.6816212844668129	0.04072767484500708	70	0.471326164874552	0.47961469534050183	0.7291666666666666	0.6115591397849462	0.5709601159155037	0.5195035460992908	0.509338061465721	0.640223831468071	0.5922367116601845	0.600709219858156	0.5724638153133594	0.0758327854933989	45
55	15.55953893661499	0.3722875388051827	0.14873485565185546	0.014226412727082739	1	0.6	1000	5	5	5	0.052222222222222225	1	{'oversampler__k_neighbors': 1, 'model__subsample': 0.6, 'model__n_estimators': 1000, 'model__min_child_weight': 5, 'model__max_depth': 5, 'model__gamma': 5, 'model__eta': 0.052222222222222225, 'model__colsample_bytree': 1}	0.7560975609756098	0.6951219512195121	0.6707317073170732	0.7560975609756098	0.6666666666666666	0.6666666666666666	0.6666666666666666	0.7380952380952381	0.7530864197530864	0.7037037037037037	0.7072934142039833	0.03776086331903189	36	0.5105286738351255	0.47199820788530467	0.7027777777777778	0.6223118279569892	0.5602074277434607	0.44728132387706854	0.5275413711583924	0.6617292078121572	0.6098528178143826	0.6290780141843971	0.5743306650045056	0.07985694611800088	40
56	10.614762830734254	0.6697412677517216	0.19716758728027345	0.056085770588449456	1	0.7	555	1	5	5	0.03111111111111111	0.7	{'oversampler__k_neighbors': 1, 'model__subsample': 0.7, 'model__n_estimators': 555, 'model__min_child_weight': 1, 'model__max_depth': 5, 'model__gamma': 5, 'model__eta': 0.03111111111111111, 'model__colsample_bytree': 0.7}	0.7439024390243902	0.7317073170731707	0.6707317073170732	0.7560975609756098	0.7407407407407407	0.6419753086419753	0.654320987654321	0.7380952380952381	0.7283950617283951	0.7037037037037037	0.7109670064954617	0.038881980591183425	30	0.4997759856630824	0.5042562724014337	0.7027777777777778	0.6185035842293907	0.7141005109433386	0.4210401891252955	0.5204491725768321	0.6617292078121572	0.595668420651262	0.6290780141843971	0.5867379135364967	0.09187339251389581	17
57	8.211730551719665	0.38145116888319563	0.1756131887435913	0.03790916503879506	1	0.7	288	5	8	7	0.01	0.7	{'oversampler__k_neighbors': 1, 'model__subsample': 0.7, 'model__n_estimators': 288, 'model__min_child_weight': 5, 'model__max_depth': 8, 'model__gamma': 7, 'model__eta': 0.01, 'model__colsample_bytree': 0.7}	0.7560975609756098	0.6951219512195121	0.6463414634146342	0.7073170731707317	0.691358024691358	0.654320987654321	0.6049382716049383	0.7380952380952381	0.7407407407407407	0.6419753086419753	0.6876306620209058	0.0471692830511286	61	0.6146953405017921	0.48342293906810035	0.7611111111111111	0.5831093189964157	0.6784107374361321	0.5083924349881797	0.492080378250591	0.6577792407285495	0.6027606192328224	0.5936170212765958	0.597537914159029	0.08340339878903627	6
58	13.443430089950562	0.18274114090980048	0.18376946449279785	0.045528553649156596	3	0.7	644	3	3	3	0.09444444444444444	0.8	{'oversampler__k_neighbors': 3, 'model__subsample': 0.7, 'model__n_estimators': 644, 'model__min_child_weight': 3, 'model__max_depth': 3, 'model__gamma': 3, 'model__eta': 0.09444444444444444, 'model__colsample_bytree': 0.8}	0.7804878048780488	0.6585365853658537	0.6829268292682927	0.7317073170731707	0.6666666666666666	0.7037037037037037	0.7160493827160493	0.6904761904761905	0.7407407407407407	0.7037037037037037	0.7074998924592419	0.03475414259609593	35	0.6323924731182796	0.4549731182795698	0.7013888888888888	0.4966397849462365	0.556546938152978	0.47257683215130025	0.5639479905437352	0.5500877770463024	0.6027606192328224	0.633096926713948	0.5664411349074061	0.07402835441253235	63
59	11.840002369880676	0.3307650691238864	0.19695332050323486	0.043742238551577356	1	1	555	5	3	7	0.1788888888888889	1	{'oversampler__k_neighbors': 1, 'model__subsample': 1, 'model__n_estimators': 555, 'model__min_child_weight': 5, 'model__max_depth': 3, 'model__gamma': 7, 'model__eta': 0.1788888888888889, 'model__colsample_bytree': 1}	0.6829268292682927	0.6707317073170732	0.6951219512195121	0.7317073170731707	0.691358024691358	0.6419753086419753	0.6419753086419753	0.6904761904761905	0.7283950617283951	0.691358024691358	0.68660257237493	0.028569991825103162	62	0.5616039426523297	0.46191756272401435	0.8013888888888889	0.6046146953405017	0.578052314497064	0.4290780141843971	0.5173758865248227	0.6266183892912004	0.595668420651262	0.6260047281323877	0.5802322842886868	0.09753896053140594	27
60	16.061221623420714	1.2666521721776938	0.14983325004577636	0.024560576643513816	4	0.8	911	2	7	5	0.09444444444444444	0.9	{'oversampler__k_neighbors': 4, 'model__subsample': 0.8, 'model__n_estimators': 911, 'model__min_child_weight': 2, 'model__max_depth': 7, 'model__gamma': 5, 'model__eta': 0.09444444444444444, 'model__colsample_bytree': 0.9}	0.7195121951219512	0.6951219512195121	0.6463414634146342	0.7317073170731707	0.654320987654321	0.6790123456790124	0.7037037037037037	0.75	0.7037037037037037	0.7037037037037037	0.6987127371273714	0.030562639336221453	48	0.4782706093189964	0.47961469534050183	0.6805555555555555	0.5004480286738352	0.545794249980935	0.526595744680851	0.552836879432624	0.6685319289005925	0.5814840234881415	0.6371158392434988	0.5651247554615532	0.0710742513197765	67
61	12.676288366317749	0.42944685182641007	0.1438993215560913	0.0030186518329250595	3	0.9	466	3	7	0	0.07333333333333333	0.9	{'oversampler__k_neighbors': 3, 'model__subsample': 0.9, 'model__n_estimators': 466, 'model__min_child_weight': 3, 'model__max_depth': 7, 'model__gamma': 0, 'model__eta': 0.07333333333333333, 'model__colsample_bytree': 0.9}	0.7439024390243902	0.7317073170731707	0.7682926829268293	0.7926829268292683	0.7530864197530864	0.7407407407407407	0.7530864197530864	0.7142857142857143	0.7407407407407407	0.7901234567901234	0.7528648857917151	0.02349915532653598	4	0.4959677419354838	0.5042562724014337	0.6819444444444445	0.5389784946236559	0.617173796995348	0.5099290780141844	0.5771867612293144	0.5715931533903884	0.6100815984137878	0.6947990543735224	0.5801910395821563	0.0673258802264263	28
62	16.281003332138063	1.041524004171913	0.18474225997924804	0.04044411871872607	2	0.8	1000	4	10	5	0.07333333333333333	0.8	{'oversampler__k_neighbors': 2, 'model__subsample': 0.8, 'model__n_estimators': 1000, 'model__min_child_weight': 4, 'model__max_depth': 10, 'model__gamma': 5, 'model__eta': 0.07333333333333333, 'model__colsample_bytree': 0.8}	0.7073170731707317	0.7073170731707317	0.6463414634146342	0.7439024390243902	0.691358024691358	0.6296296296296297	0.6666666666666666	0.75	0.7160493827160493	0.7037037037037037	0.6962285456187894	0.03698727770457019	54	0.5831093189964157	0.48655913978494625	0.6888888888888888	0.503584229390681	0.578052314497064	0.41796690307328604	0.5275413711583924	0.6645819618169848	0.5922367116601845	0.6290780141843971	0.5671598853451242	0.07969395176040019	61
63	15.321476054191589	0.5302203370820953	0.1728034496307373	0.03921289538116121	4	0.9	822	5	10	7	0.1366666666666667	0.8	{'oversampler__k_neighbors': 4, 'model__subsample': 0.9, 'model__n_estimators': 822, 'model__min_child_weight': 5, 'model__max_depth': 10, 'model__gamma': 7, 'model__eta': 0.1366666666666667, 'model__colsample_bytree': 0.8}	0.7073170731707317	0.7195121951219512	0.6097560975609756	0.7195121951219512	0.6790123456790124	0.654320987654321	0.6172839506172839	0.7023809523809523	0.691358024691358	0.654320987654321	0.6754774809652858	0.03805435201746986	81	0.471326164874552	0.49731182795698925	0.736111111111111	0.4896953405017921	0.5709601159155037	0.5083924349881797	0.4951536643026005	0.629471143296028	0.5707313353160985	0.5284869976359338	0.5497640135898788	0.07721784325092762	90
64	8.601510596275329	0.7074288920402492	0.1791900873184204	0.04177809594232292	2	0.8	377	4	6	5	0.11555555555555555	1	{'oversampler__k_neighbors': 2, 'model__subsample': 0.8, 'model__n_estimators': 377, 'model__min_child_weight': 4, 'model__max_depth': 6, 'model__gamma': 5, 'model__eta': 0.11555555555555555, 'model__colsample_bytree': 1}	0.7439024390243902	0.6951219512195121	0.6585365853658537	0.7560975609756098	0.7037037037037037	0.6666666666666666	0.6790123456790124	0.7261904761904762	0.691358024691358	0.7037037037037037	0.7024293457220286	0.030162900679371413	45	0.6039426523297491	0.47961469534050183	0.6958333333333333	0.5105286738351255	0.5814840234881415	0.51548463356974	0.5346335697399528	0.650976519640114	0.5743918249065812	0.633096926713948	0.5779986852897188	0.06554767965163773	32
65	18.09248571395874	1.127094526412525	0.17204244136810304	0.03861360542048769	2	0.6	911	1	4	9	0.1788888888888889	1	{'oversampler__k_neighbors': 2, 'model__subsample': 0.6, 'model__n_estimators': 911, 'model__min_child_weight': 1, 'model__max_depth': 4, 'model__gamma': 9, 'model__eta': 0.1788888888888889, 'model__colsample_bytree': 1}	0.7560975609756098	0.6707317073170732	0.6219512195121951	0.6951219512195121	0.7037037037037037	0.6296296296296297	0.6172839506172839	0.7142857142857143	0.7037037037037037	0.654320987654321	0.6766830128618746	0.04335225530794851	80	0.6146953405017921	0.5660842293906809	0.6749999999999999	0.5723566308243727	0.6928239151986578	0.49420803782505907	0.4951536643026005	0.6481237656352864	0.5814840234881415	0.6087470449172576	0.5948676652083849	0.06405326017185314	7
66	5.591886973381042	0.3130806992291563	0.15381858348846436	0.02257320141209444	4	0.6	200	1	4	0	0.2	1	{'oversampler__k_neighbors': 4, 'model__subsample': 0.6, 'model__n_estimators': 200, 'model__min_child_weight': 1, 'model__max_depth': 4, 'model__gamma': 0, 'model__eta': 0.2, 'model__colsample_bytree': 1}	0.7804878048780488	0.7195121951219512	0.7560975609756098	0.8048780487804879	0.7283950617283951	0.7160493827160493	0.7530864197530864	0.6547619047619048	0.7160493827160493	0.7777777777777778	0.7407095539209361	0.04082665427423079	14	0.5244175627240143	0.4896953405017921	0.6749999999999999	0.5459229390681003	0.48798901853122856	0.491725768321513	0.5812056737588652	0.4491990344524907	0.48821779913063373	0.5352245862884161	0.5268597722777054	0.060818799654979036	99
67	14.579440188407897	0.2779480546999961	0.14270968437194825	0.02132023781330755	2	0.6	644	4	4	3	0.01	0.8	{'oversampler__k_neighbors': 2, 'model__subsample': 0.6, 'model__n_estimators': 644, 'model__min_child_weight': 4, 'model__max_depth': 4, 'model__gamma': 3, 'model__eta': 0.01, 'model__colsample_bytree': 0.8}	0.7804878048780488	0.6951219512195121	0.6707317073170732	0.7682926829268293	0.7037037037037037	0.6790123456790124	0.6790123456790124	0.75	0.7037037037037037	0.7037037037037037	0.7133769948810599	0.03695305292205175	27	0.6285842293906809	0.47961469534050183	0.7027777777777778	0.6254480286738351	0.5814840234881415	0.4583924349881796	0.5346335697399528	0.6685319289005925	0.5814840234881415	0.633096926713948	0.5894047638501753	0.07496742659853985	14
68	5.563416337966919	0.20672790298814797	0.15418357849121095	0.023397807914863167	1	0.7	288	5	4	7	0.1577777777777778	0.8	{'oversampler__k_neighbors': 1, 'model__subsample': 0.7, 'model__n_estimators': 288, 'model__min_child_weight': 5, 'model__max_depth': 4, 'model__gamma': 7, 'model__eta': 0.1577777777777778, 'model__colsample_bytree': 0.8}	0.7317073170731707	0.7317073170731707	0.6463414634146342	0.6951219512195121	0.691358024691358	0.6666666666666666	0.6419753086419753	0.7380952380952381	0.7530864197530864	0.7283950617283951	0.7024454768357207	0.03805560742471208	44	0.5931899641577061	0.6046146953405017	0.6847222222222222	0.5723566308243727	0.578052314497064	0.4392434988179669	0.5173758865248227	0.6617292078121572	0.617173796995348	0.6472813238770686	0.591573954106923	0.06840449984591229	12
69	6.413900542259216	0.33858243710475194	0.1737006425857544	0.044083677518742356	4	1	377	5	6	3	0.11555555555555555	1	{'oversampler__k_neighbors': 4, 'model__subsample': 1, 'model__n_estimators': 377, 'model__min_child_weight': 5, 'model__max_depth': 6, 'model__gamma': 3, 'model__eta': 0.11555555555555555, 'model__colsample_bytree': 1}	0.7317073170731707	0.7439024390243902	0.6463414634146342	0.7317073170731707	0.691358024691358	0.691358024691358	0.691358024691358	0.7261904761904762	0.654320987654321	0.7037037037037037	0.7011947778207942	0.031326310853834756	46	0.4966397849462365	0.5073924731182796	0.7527777777777778	0.5004480286738352	0.563410356135133	0.541725768321513	0.541725768321513	0.6430765854728988	0.545794249980935	0.5608747044917258	0.5653865497239847	0.07415216892443906	66
70	8.647356653213501	0.298897051762783	0.2042177438735962	0.042189125219538305	4	0.8	466	1	4	9	0.1366666666666667	1	{'oversampler__k_neighbors': 4, 'model__subsample': 0.8, 'model__n_estimators': 466, 'model__min_child_weight': 1, 'model__max_depth': 4, 'model__gamma': 9, 'model__eta': 0.1366666666666667, 'model__colsample_bytree': 1}	0.7317073170731707	0.6951219512195121	0.573170731707317	0.7073170731707317	0.6172839506172839	0.6296296296296297	0.6419753086419753	0.7142857142857143	0.7160493827160493	0.6172839506172839	0.6643825009678668	0.05191020863060634	96	0.4890232974910394	0.48342293906810035	0.7111111111111111	0.4789426523297491	0.5208571646457714	0.49018912529550834	0.509338061465721	0.640223831468071	0.5958972012506673	0.5794326241134752	0.5498438008239214	0.07506634873973266	89
71	17.287912797927856	0.288316496246954	0.22096927165985109	0.031214684974199144	2	0.7	733	4	4	0	0.2	0.9	{'oversampler__k_neighbors': 2, 'model__subsample': 0.7, 'model__n_estimators': 733, 'model__min_child_weight': 4, 'model__max_depth': 4, 'model__gamma': 0, 'model__eta': 0.2, 'model__colsample_bytree': 0.9}	0.7804878048780488	0.7804878048780488	0.7195121951219512	0.7682926829268293	0.7283950617283951	0.7160493827160493	0.7037037037037037	0.6904761904761905	0.7777777777777778	0.7777777777777778	0.7442960381984772	0.03412747834865727	11	0.6285842293906809	0.6362007168458781	0.5013888888888889	0.5212813620071685	0.6029893998322275	0.491725768321513	0.5407801418439716	0.5500877770463024	0.5419812399908488	0.6074468085106383	0.5622466332678118	0.04994722925548009	74
72	10.211671948432922	0.39845895341289234	0.19283463954925537	0.042335552638873876	2	0.8	466	4	4	5	0.03111111111111111	1	{'oversampler__k_neighbors': 2, 'model__subsample': 0.8, 'model__n_estimators': 466, 'model__min_child_weight': 4, 'model__max_depth': 4, 'model__gamma': 5, 'model__eta': 0.03111111111111111, 'model__colsample_bytree': 1}	0.7439024390243902	0.7195121951219512	0.6463414634146342	0.7439024390243902	0.691358024691358	0.6296296296296297	0.6790123456790124	0.7261904761904762	0.7037037037037037	0.6790123456790124	0.6962565062158559	0.036853723895588934	53	0.6039426523297491	0.49731182795698925	0.6888888888888888	0.503584229390681	0.5743918249065812	0.41796690307328604	0.5386524822695035	0.6470265525565065	0.5814840234881415	0.6148936170212765	0.5668143001881603	0.07554881643980677	62
73	10.750196313858032	0.32320747009819434	0.20620965957641602	0.044787718699058496	1	0.6	288	3	6	0	0.052222222222222225	0.8	{'oversampler__k_neighbors': 1, 'model__subsample': 0.6, 'model__n_estimators': 288, 'model__min_child_weight': 3, 'model__max_depth': 6, 'model__gamma': 0, 'model__eta': 0.052222222222222225, 'model__colsample_bytree': 0.8}	0.7804878048780488	0.7317073170731707	0.7195121951219512	0.7926829268292683	0.7160493827160493	0.7283950617283951	0.7160493827160493	0.7261904761904762	0.7654320987654321	0.7901234567901234	0.7466630102808964	0.030151466045381246	8	0.6285842293906809	0.5004480286738352	0.65	0.5389784946236559	0.584915732479219	0.4988179669030733	0.5518912529550827	0.5744459073952162	0.5202470830473577	0.6947990543735224	0.5743127749841643	0.0625564805635347	41
74	14.516407871246338	0.5146382423082563	0.17339773178100587	0.04190251111120332	3	0.9	733	2	6	7	0.03111111111111111	0.7	{'oversampler__k_neighbors': 3, 'model__subsample': 0.9, 'model__n_estimators': 733, 'model__min_child_weight': 2, 'model__max_depth': 6, 'model__gamma': 7, 'model__eta': 0.03111111111111111, 'model__colsample_bytree': 0.7}	0.7195121951219512	0.6951219512195121	0.6341463414634146	0.7073170731707317	0.691358024691358	0.6666666666666666	0.6666666666666666	0.7261904761904762	0.7037037037037037	0.654320987654321	0.6865004086548803	0.028382233788959293	65	0.482078853046595	0.48723118279569894	0.75	0.5831093189964157	0.5743918249065812	0.5195035460992908	0.5275413711583924	0.650976519640114	0.5814840234881415	0.6047281323877068	0.5761044772518937	0.07684207887327628	34
75	8.42382071018219	1.118536087587608	0.14957218170166015	0.02597578954722022	2	0.9	466	2	9	9	0.2	1	{'oversampler__k_neighbors': 2, 'model__subsample': 0.9, 'model__n_estimators': 466, 'model__min_child_weight': 2, 'model__max_depth': 9, 'model__gamma': 9, 'model__eta': 0.2, 'model__colsample_bytree': 1}	0.6829268292682927	0.6951219512195121	0.6219512195121951	0.6951219512195121	0.7037037037037037	0.6172839506172839	0.6296296296296297	0.7023809523809523	0.6419753086419753	0.6666666666666666	0.6656762162859724	0.03307683608663484	94	0.5692204301075269	0.6917562724014337	0.7513888888888888	0.47199820788530467	0.5851445130786243	0.483096926713948	0.5062647754137116	0.6334211103796358	0.5423625409898574	0.6158392434988179	0.585049290935775	0.08590555755859591	19
76	13.852393770217896	0.5342418530012758	0.14066946506500244	0.0018688641465132647	1	0.9	733	5	3	9	0.01	0.7	{'oversampler__k_neighbors': 1, 'model__subsample': 0.9, 'model__n_estimators': 733, 'model__min_child_weight': 5, 'model__max_depth': 3, 'model__gamma': 9, 'model__eta': 0.01, 'model__colsample_bytree': 0.7}	0.7073170731707317	0.7195121951219512	0.6463414634146342	0.7073170731707317	0.691358024691358	0.6296296296296297	0.6172839506172839	0.7261904761904762	0.7160493827160493	0.6419753086419753	0.6802974577364821	0.03957795830345608	74	0.5793010752688171	0.6052867383512545	0.7611111111111111	0.5869175627240143	0.6857317166170974	0.48617021276595745	0.5031914893617021	0.650976519640114	0.5885762220697018	0.5936170212765958	0.6040879669186365	0.07672425088767584	2
77	10.908341121673583	0.4773176136497162	0.1722250461578369	0.046427952766167034	1	1	644	4	8	7	0.03111111111111111	0.9	{'oversampler__k_neighbors': 1, 'model__subsample': 1, 'model__n_estimators': 644, 'model__min_child_weight': 4, 'model__max_depth': 8, 'model__gamma': 7, 'model__eta': 0.03111111111111111, 'model__colsample_bytree': 0.9}	0.7073170731707317	0.6951219512195121	0.6341463414634146	0.7317073170731707	0.6790123456790124	0.6172839506172839	0.6419753086419753	0.7261904761904762	0.7160493827160493	0.6666666666666666	0.6815470813438294	0.03836432881642315	71	0.4751344086021505	0.4758064516129032	0.6777777777777777	0.6008064516129031	0.6639975596736063	0.483096926713948	0.5173758865248227	0.650976519640114	0.48455730954015097	0.6078014184397164	0.5637330710138092	0.08030431361753303	69
78	10.000004863739013	1.171968934138675	0.20208957195281982	0.040599406569912844	1	1	466	2	5	5	0.07333333333333333	0.7	{'oversampler__k_neighbors': 1, 'model__subsample': 1, 'model__n_estimators': 466, 'model__min_child_weight': 2, 'model__max_depth': 5, 'model__gamma': 5, 'model__eta': 0.07333333333333333, 'model__colsample_bytree': 0.7}	0.7317073170731707	0.7439024390243902	0.6341463414634146	0.7195121951219512	0.7037037037037037	0.6419753086419753	0.6296296296296297	0.7142857142857143	0.7283950617283951	0.7160493827160493	0.6963307093388393	0.04137159215331091	52	0.492831541218638	0.5073924731182796	0.6777777777777777	0.5938620071684587	0.6855029360176923	0.4210401891252955	0.5062647754137116	0.640223831468071	0.495309997712194	0.6401891252955082	0.5660394654315628	0.08771082514504032	64
79	13.951201725006104	0.89261205540582	0.17519266605377198	0.04269893048958574	1	1	466	4	8	0	0.1788888888888889	0.9	{'oversampler__k_neighbors': 1, 'model__subsample': 1, 'model__n_estimators': 466, 'model__min_child_weight': 4, 'model__max_depth': 8, 'model__gamma': 0, 'model__eta': 0.1788888888888889, 'model__colsample_bytree': 0.9}	0.7439024390243902	0.7317073170731707	0.6951219512195121	0.7926829268292683	0.7530864197530864	0.7283950617283951	0.691358024691358	0.7142857142857143	0.7654320987654321	0.7654320987654321	0.7381404052135758	0.030766418796477617	17	0.6001344086021505	0.4966397849462365	0.48333333333333334	0.5389784946236559	0.51681537405628	0.4947990543735224	0.5336879432624113	0.5676431863067807	0.527568062228323	0.6725768321513002	0.5432176473883994	0.05451668282258568	95
80	5.440235018730164	0.17558962405402603	0.1719989776611328	0.04191062261706105	2	0.8	288	4	3	9	0.1577777777777778	0.7	{'oversampler__k_neighbors': 2, 'model__subsample': 0.8, 'model__n_estimators': 288, 'model__min_child_weight': 4, 'model__max_depth': 3, 'model__gamma': 9, 'model__eta': 0.1577777777777778, 'model__colsample_bytree': 0.7}	0.6829268292682927	0.7317073170731707	0.6219512195121951	0.6951219512195121	0.6666666666666666	0.5925925925925926	0.6172839506172839	0.7261904761904762	0.7037037037037037	0.654320987654321	0.6692465694498214	0.044977947307503596	92	0.5616039426523297	0.6084229390681003	0.7472222222222222	0.5723566308243727	0.5602074277434607	0.46891252955082746	0.49917257683215127	0.650976519640114	0.5814840234881415	0.6809692671394799	0.59313280791612	0.07870398374084059	9
81	13.579861950874328	0.34301866830755007	0.1606860876083374	0.03401852887953542	3	0.6	644	3	10	9	0.01	0.7	{'oversampler__k_neighbors': 3, 'model__subsample': 0.6, 'model__n_estimators': 644, 'model__min_child_weight': 3, 'model__max_depth': 10, 'model__gamma': 9, 'model__eta': 0.01, 'model__colsample_bytree': 0.7}	0.7073170731707317	0.7317073170731707	0.5975609756097561	0.6951219512195121	0.6666666666666666	0.6419753086419753	0.6049382716049383	0.7142857142857143	0.691358024691358	0.6419753086419753	0.6692906611605799	0.0439387596263196	91	0.5754928315412186	0.8205645161290324	0.7333333333333334	0.5761648745519713	0.5638679173339434	0.5013002364066194	0.4880614657210402	0.6441737985516788	0.5707313353160985	0.5976359338061465	0.6071326242691083	0.09668372612900754	1
82	20.155448698997496	0.2827245738242661	0.17402305603027343	0.04218234347401852	3	0.8	822	2	6	3	0.01	0.9	{'oversampler__k_neighbors': 3, 'model__subsample': 0.8, 'model__n_estimators': 822, 'model__min_child_weight': 2, 'model__max_depth': 6, 'model__gamma': 3, 'model__eta': 0.01, 'model__colsample_bytree': 0.9}	0.7439024390243902	0.6829268292682927	0.6585365853658537	0.7439024390243902	0.7160493827160493	0.691358024691358	0.7037037037037037	0.7380952380952381	0.7037037037037037	0.7407407407407407	0.712291908633372	0.02797392075615125	29	0.4997759856630824	0.47267025089605735	0.6916666666666668	0.5073924731182796	0.5885762220697018	0.541725768321513	0.552836879432624	0.6577792407285495	0.5814840234881415	0.6624113475177306	0.5756318857902347	0.07115181447729231	36
83	14.339930176734924	0.7418317749771925	0.17852752208709716	0.042332464060979916	4	0.7	822	4	3	9	0.07333333333333333	0.8	{'oversampler__k_neighbors': 4, 'model__subsample': 0.7, 'model__n_estimators': 822, 'model__min_child_weight': 4, 'model__max_depth': 3, 'model__gamma': 9, 'model__eta': 0.07333333333333333, 'model__colsample_bytree': 0.8}	0.7073170731707317	0.6951219512195121	0.6341463414634146	0.7317073170731707	0.6172839506172839	0.5925925925925926	0.654320987654321	0.7142857142857143	0.7160493827160493	0.6419753086419753	0.6704800619434765	0.045824145464446304	89	0.4751344086021505	0.48723118279569894	0.7583333333333333	0.6008064516129031	0.5245176542362541	0.47293144208037824	0.524468085106383	0.6441737985516788	0.5922367116601845	0.5976359338061465	0.5677469001785111	0.08517156063561228	59
84	4.367034602165222	0.27077025268435195	0.17165913581848144	0.042023383013970836	4	1	200	1	3	9	0.052222222222222225	1	{'oversampler__k_neighbors': 4, 'model__subsample': 1, 'model__n_estimators': 200, 'model__min_child_weight': 1, 'model__max_depth': 3, 'model__gamma': 9, 'model__eta': 0.052222222222222225, 'model__colsample_bytree': 1}	0.7073170731707317	0.7317073170731707	0.5609756097560976	0.7317073170731707	0.6049382716049383	0.6172839506172839	0.6172839506172839	0.7142857142857143	0.654320987654321	0.6666666666666666	0.6606486858519379	0.056594307197546226	100	0.5831093189964157	0.5080645161290323	0.7041666666666666	0.6008064516129031	0.5174254556546939	0.4911347517730496	0.4951536643026005	0.640223831468071	0.5494547395714177	0.6118203309692671	0.5701359727144117	0.06681738082218493	49
85	13.774583387374879	0.6719831647516016	0.18761725425720216	0.03466161034132193	2	0.9	733	1	7	3	0.07333333333333333	1	{'oversampler__k_neighbors': 2, 'model__subsample': 0.9, 'model__n_estimators': 733, 'model__min_child_weight': 1, 'model__max_depth': 7, 'model__gamma': 3, 'model__eta': 0.07333333333333333, 'model__colsample_bytree': 1}	0.7560975609756098	0.7317073170731707	0.7073170731707317	0.7317073170731707	0.691358024691358	0.6666666666666666	0.6790123456790124	0.7380952380952381	0.6419753086419753	0.7160493827160493	0.7059986234782982	0.033990175232481594	37	0.6146953405017921	0.5004480286738352	0.7277777777777779	0.4966397849462365	0.5707313353160985	0.44728132387706854	0.4583924349881796	0.6577792407285495	0.4383436284603066	0.6442080378250591	0.5556296933094904	0.09649234497288532	83
86	6.225951361656189	0.5874638451220436	0.22570087909698486	0.020811191763706535	1	0.9	288	2	3	9	0.1366666666666667	0.7	{'oversampler__k_neighbors': 1, 'model__subsample': 0.9, 'model__n_estimators': 288, 'model__min_child_weight': 2, 'model__max_depth': 3, 'model__gamma': 9, 'model__eta': 0.1366666666666667, 'model__colsample_bytree': 0.7}	0.7073170731707317	0.7195121951219512	0.6341463414634146	0.7195121951219512	0.6419753086419753	0.6419753086419753	0.6049382716049383	0.7142857142857143	0.7654320987654321	0.5925925925925926	0.6741687099410677	0.05501944576750469	85	0.5793010752688171	0.7056451612903225	0.7541666666666668	0.5938620071684587	0.5423625409898574	0.42505910165484634	0.4960992907801418	0.640223831468071	0.6242659955769084	0.5612293144208037	0.5922214985284894	0.09122556878184411	11
87	14.828498053550721	0.40367395422966534	0.19536945819854737	0.04230411410567595	3	1	822	3	9	3	0.11555555555555555	0.9	{'oversampler__k_neighbors': 3, 'model__subsample': 1, 'model__n_estimators': 822, 'model__min_child_weight': 3, 'model__max_depth': 9, 'model__gamma': 3, 'model__eta': 0.11555555555555555, 'model__colsample_bytree': 0.9}	0.7439024390243902	0.7073170731707317	0.6707317073170732	0.7195121951219512	0.7037037037037037	0.654320987654321	0.6790123456790124	0.7142857142857143	0.6790123456790124	0.7037037037037037	0.6975502215339615	0.025213806125561438	50	0.503584229390681	0.48655913978494625	0.6986111111111111	0.4858870967741935	0.5778235338976588	0.4401891252955083	0.5346335697399528	0.640223831468071	0.5636391367345382	0.633096926713948	0.556424770091061	0.07762878716711721	82
88	7.299020767211914	0.2250597921281699	0.2204066276550293	0.029792174926524705	3	0.6	288	3	10	3	0.052222222222222225	0.9	{'oversampler__k_neighbors': 3, 'model__subsample': 0.6, 'model__n_estimators': 288, 'model__min_child_weight': 3, 'model__max_depth': 10, 'model__gamma': 3, 'model__eta': 0.052222222222222225, 'model__colsample_bytree': 0.9}	0.7560975609756098	0.6829268292682927	0.6463414634146342	0.7682926829268293	0.691358024691358	0.6790123456790124	0.691358024691358	0.75	0.7037037037037037	0.7283950617283951	0.7097485697079192	0.03733772695628909	32	0.5067204301075269	0.47267025089605735	0.6847222222222222	0.5212813620071685	0.5743918249065812	0.4624113475177305	0.5377068557919622	0.6685319289005925	0.5778235338976588	0.7275413711583925	0.5733801127405893	0.0872492476290144	44
89	18.110566806793212	0.6163663576974292	0.1507493019104004	0.02591277674918536	1	0.6	644	1	8	0	0.2	0.9	{'oversampler__k_neighbors': 1, 'model__subsample': 0.6, 'model__n_estimators': 644, 'model__min_child_weight': 1, 'model__max_depth': 8, 'model__gamma': 0, 'model__eta': 0.2, 'model__colsample_bytree': 0.9}	0.7560975609756098	0.7682926829268293	0.7195121951219512	0.7926829268292683	0.691358024691358	0.7160493827160493	0.6790123456790124	0.7261904761904762	0.7777777777777778	0.8271604938271605	0.7454133866735493	0.0445373817006114	10	0.6032706093189965	0.525089605734767	0.5736111111111111	0.5389784946236559	0.47037291237703044	0.48770685579196216	0.5306146572104019	0.5783958744788238	0.5309997712194007	0.7120567375886525	0.5551096629454803	0.06473220075579364	84
90	12.507028412818908	0.16231459303591192	0.15395348072052	0.026760540127098446	4	0.9	466	3	5	0	0.052222222222222225	0.8	{'oversampler__k_neighbors': 4, 'model__subsample': 0.9, 'model__n_estimators': 466, 'model__min_child_weight': 3, 'model__max_depth': 5, 'model__gamma': 0, 'model__eta': 0.052222222222222225, 'model__colsample_bytree': 0.8}	0.7560975609756098	0.7195121951219512	0.7195121951219512	0.7926829268292683	0.7283950617283951	0.7037037037037037	0.7654320987654321	0.6904761904761905	0.7530864197530864	0.7777777777777778	0.7406676130253367	0.03165371293363577	15	0.5067204301075269	0.49731182795698925	0.5777777777777778	0.5351702508960573	0.5993289102417448	0.4846335697399527	0.5923167848699763	0.4775071318850121	0.51681537405628	0.6836879432624113	0.5471270000793729	0.06187396312443272	91
91	5.6247769594192505	0.343578567225569	0.144606876373291	0.021585940662626205	4	0.7	288	5	4	5	0.09444444444444444	0.8	{'oversampler__k_neighbors': 4, 'model__subsample': 0.7, 'model__n_estimators': 288, 'model__min_child_weight': 5, 'model__max_depth': 4, 'model__gamma': 5, 'model__eta': 0.09444444444444444, 'model__colsample_bytree': 0.8}	0.7439024390243902	0.7317073170731707	0.6463414634146342	0.7682926829268293	0.6419753086419753	0.654320987654321	0.6419753086419753	0.7380952380952381	0.7037037037037037	0.691358024691358	0.6961672473867596	0.04548511556466687	55	0.4997759856630824	0.5042562724014337	0.7569444444444443	0.5212813620071685	0.5423625409898574	0.5043735224586289	0.5213947990543736	0.6577792407285495	0.5851445130786243	0.6260047281323877	0.5719317408958551	0.08064879099045408	47
92	19.806836199760436	0.7799861772663993	0.16587255001068116	0.03602755077403815	3	0.7	733	1	4	0	0.052222222222222225	0.9	{'oversampler__k_neighbors': 3, 'model__subsample': 0.7, 'model__n_estimators': 733, 'model__min_child_weight': 1, 'model__max_depth': 4, 'model__gamma': 0, 'model__eta': 0.052222222222222225, 'model__colsample_bytree': 0.9}	0.7560975609756098	0.7195121951219512	0.7195121951219512	0.8048780487804879	0.7654320987654321	0.7283950617283951	0.691358024691358	0.6904761904761905	0.7654320987654321	0.8148148148148148	0.7455908289241623	0.041035817494897826	9	0.6108870967741935	0.4896953405017921	0.5694444444444444	0.5459229390681003	0.6242659955769084	0.4988179669030733	0.4574468085106383	0.48145709896861977	0.6206055059864256	0.708983451536643	0.5607526648270839	0.07631679882783074	77
93	12.965892243385316	0.38772620429580257	0.21939575672149658	0.0426175887470572	4	1	377	1	7	3	0.01	0.9	{'oversampler__k_neighbors': 4, 'model__subsample': 1, 'model__n_estimators': 377, 'model__min_child_weight': 1, 'model__max_depth': 7, 'model__gamma': 3, 'model__eta': 0.01, 'model__colsample_bytree': 0.9}	0.7560975609756098	0.6829268292682927	0.6341463414634146	0.7317073170731707	0.7037037037037037	0.654320987654321	0.7037037037037037	0.7261904761904762	0.6666666666666666	0.7160493827160493	0.6975512969415408	0.035901487697699325	49	0.514336917562724	0.47267025089605735	0.6652777777777777	0.5004480286738352	0.5778235338976588	0.5124113475177304	0.5447990543735225	0.6470265525565065	0.45252802562342714	0.6482269503546099	0.5535548439233849	0.07324432909047193	86
94	6.135086703300476	0.18463333607949214	0.17449579238891602	0.03987356404274838	3	0.8	200	5	8	9	0.01	1	{'oversampler__k_neighbors': 3, 'model__subsample': 0.8, 'model__n_estimators': 200, 'model__min_child_weight': 5, 'model__max_depth': 8, 'model__gamma': 9, 'model__eta': 0.01, 'model__colsample_bytree': 1}	0.7073170731707317	0.6951219512195121	0.5975609756097561	0.6951219512195121	0.6790123456790124	0.6172839506172839	0.6296296296296297	0.7261904761904762	0.6666666666666666	0.6419753086419753	0.6655880328644557	0.0401887815479344	95	0.4751344086021505	0.6955645161290321	0.7333333333333334	0.5761648745519713	0.567299626325021	0.4911347517730496	0.5062647754137116	0.650976519640114	0.556546938152978	0.6738770685579197	0.5926296812479281	0.08612694821679956	10
95	10.248704147338866	0.302595559203784	0.15762317180633545	0.034432864222363004	3	1	555	3	8	9	0.2	0.8	{'oversampler__k_neighbors': 3, 'model__subsample': 1, 'model__n_estimators': 555, 'model__min_child_weight': 3, 'model__max_depth': 8, 'model__gamma': 9, 'model__eta': 0.2, 'model__colsample_bytree': 0.8}	0.7073170731707317	0.7073170731707317	0.5975609756097561	0.7073170731707317	0.6296296296296297	0.6296296296296297	0.6419753086419753	0.7261904761904762	0.6666666666666666	0.6172839506172839	0.6630887856497611	0.043519920482796105	98	0.4751344086021505	0.59834229390681	0.7291666666666666	0.5831093189964157	0.5316098528178144	0.49018912529550834	0.5133569739952719	0.650976519640114	0.5492259589720124	0.5754137115839243	0.5696524830476689	0.07305991903956653	52
96	18.986251449584962	0.3237063624846601	0.16519434452056886	0.035133273601105734	1	0.7	822	4	5	3	0.01	0.7	{'oversampler__k_neighbors': 1, 'model__subsample': 0.7, 'model__n_estimators': 822, 'model__min_child_weight': 4, 'model__max_depth': 5, 'model__gamma': 3, 'model__eta': 0.01, 'model__colsample_bytree': 0.7}	0.7682926829268293	0.7317073170731707	0.6829268292682927	0.7560975609756098	0.7160493827160493	0.6790123456790124	0.6790123456790124	0.7261904761904762	0.7530864197530864	0.7283950617283951	0.7220770421989934	0.031116957708318554	23	0.6216397849462365	0.5004480286738352	0.7097222222222221	0.514336917562724	0.6925951345992526	0.4543735224586289	0.5346335697399528	0.5783958744788238	0.5094943948753146	0.6472813238770686	0.5762920773434059	0.08311592841697911	33
97	10.538747119903565	0.4799508524456066	0.1918870210647583	0.045323788460900793	1	0.7	555	2	3	5	0.1366666666666667	0.8	{'oversampler__k_neighbors': 1, 'model__subsample': 0.7, 'model__n_estimators': 555, 'model__min_child_weight': 2, 'model__max_depth': 3, 'model__gamma': 5, 'model__eta': 0.1366666666666667, 'model__colsample_bytree': 0.8}	0.7439024390243902	0.6829268292682927	0.6707317073170732	0.6951219512195121	0.7037037037037037	0.6790123456790124	0.6666666666666666	0.7261904761904762	0.7530864197530864	0.7160493827160493	0.7037391921538262	0.028786336871777334	41	0.6039426523297491	0.47267025089605735	0.6986111111111111	0.4681899641577061	0.5778235338976588	0.4543735224586289	0.5275413711583924	0.5783958744788238	0.6135133074048654	0.6401891252955082	0.5635250713188501	0.07696484592767275	70
98	14.575796580314636	0.1855557198894518	0.1473041296005249	0.025037349067928854	4	1	822	1	3	5	0.1366666666666667	0.9	{'oversampler__k_neighbors': 4, 'model__subsample': 1, 'model__n_estimators': 822, 'model__min_child_weight': 1, 'model__max_depth': 3, 'model__gamma': 5, 'model__eta': 0.1366666666666667, 'model__colsample_bytree': 0.9}	0.6829268292682927	0.7195121951219512	0.6341463414634146	0.7560975609756098	0.6296296296296297	0.6790123456790124	0.6172839506172839	0.7023809523809523	0.6790123456790124	0.6790123456790124	0.6779014496494172	0.04048882317243031	77	0.46124551971326166	0.49731182795698925	0.75	0.6185035842293907	0.5352703424082971	0.526595744680851	0.4189125295508274	0.629471143296028	0.5709601159155037	0.6189125295508274	0.5627183337301975	0.0912037032479425	72
99	14.856495976448059	2.576939221664169	0.12670762538909913	0.04301063277841705	1	0.6	733	2	4	0	0.1577777777777778	0.9	{'oversampler__k_neighbors': 1, 'model__subsample': 0.6, 'model__n_estimators': 733, 'model__min_child_weight': 2, 'model__max_depth': 4, 'model__gamma': 0, 'model__eta': 0.1577777777777778, 'model__colsample_bytree': 0.9}	0.7682926829268293	0.7560975609756098	0.7317073170731707	0.7804878048780488	0.7407407407407407	0.7407407407407407	0.691358024691358	0.7142857142857143	0.7407407407407407	0.8148148148148148	0.7479266141867769	0.032810813833097474	6	0.6102150537634409	0.6223118279569892	0.5083333333333333	0.5244175627240143	0.6027606192328224	0.5099290780141844	0.5336879432624113	0.5755431204739961	0.506062685884237	0.7049645390070922	0.569822576365252	0.062103519935117237	51
