	mean_fit_time	std_fit_time	mean_score_time	std_score_time	param_model__subsample	param_model__n_estimators	param_model__min_child_weight	param_model__max_depth	param_model__gamma	param_model__eta	param_model__colsample_bytree	params	split0_test_accuracy	split1_test_accuracy	split2_test_accuracy	split3_test_accuracy	split4_test_accuracy	split5_test_accuracy	split6_test_accuracy	split7_test_accuracy	split8_test_accuracy	split9_test_accuracy	mean_test_accuracy	std_test_accuracy	rank_test_accuracy	split0_test_balanced_accuracy	split1_test_balanced_accuracy	split2_test_balanced_accuracy	split3_test_balanced_accuracy	split4_test_balanced_accuracy	split5_test_balanced_accuracy	split6_test_balanced_accuracy	split7_test_balanced_accuracy	split8_test_balanced_accuracy	split9_test_balanced_accuracy	mean_test_balanced_accuracy	std_test_balanced_accuracy	rank_test_balanced_accuracy
0	6.3744378089904785	0.15050464021127663	0.16123714447021484	0.016850605555459926	1	200	4	10	3	0.01	0.8	{'model__subsample': 1, 'model__n_estimators': 200, 'model__min_child_weight': 4, 'model__max_depth': 10, 'model__gamma': 3, 'model__eta': 0.01, 'model__colsample_bytree': 0.8}	0.7560975609756098	0.6829268292682927	0.6951219512195121	0.7560975609756098	0.7160493827160493	0.7037037037037037	0.6172839506172839	0.75	0.7160493827160493	0.7407407407407407	0.7134071062932851	0.040425600546948395	46	0.6070788530465949	0.47647849462365593	0.6319444444444444	0.514336917562724	0.5958972012506673	0.6972813238770685	0.42293144208037825	0.6724818959842	0.6925951345992526	0.6583924349881797	0.5969418142457166	0.09035689374402495	90
1	15.316428923606873	0.2939192520417978	0.14848692417144777	0.009777148994397859	1	1000	5	8	9	0.07333333333333333	0.9	{'model__subsample': 1, 'model__n_estimators': 1000, 'model__min_child_weight': 5, 'model__max_depth': 8, 'model__gamma': 9, 'model__eta': 0.07333333333333333, 'model__colsample_bytree': 0.9}	0.6829268292682927	0.6951219512195121	0.5975609756097561	0.7073170731707317	0.7530864197530864	0.6296296296296297	0.5925925925925926	0.6785714285714286	0.6790123456790124	0.654320987654321	0.6670140233148364	0.04719595411504698	90	0.5577956989247311	0.6955645161290321	0.7291666666666666	0.4789426523297491	0.6208342865858308	0.650709219858156	0.4127659574468085	0.6158657011191574	0.6676580492640891	0.6047281323877068	0.6034030880711928	0.0922229068051059	81
2	5.296898198127747	0.08714340593249724	0.15982186794281006	0.01929704087758266	1	288	5	9	3	0.11555555555555555	0.8	{'model__subsample': 1, 'model__n_estimators': 288, 'model__min_child_weight': 5, 'model__max_depth': 9, 'model__gamma': 3, 'model__eta': 0.11555555555555555, 'model__colsample_bytree': 0.8}	0.7560975609756098	0.7195121951219512	0.7195121951219512	0.7682926829268293	0.7530864197530864	0.691358024691358	0.691358024691358	0.7142857142857143	0.7160493827160493	0.7530864197530864	0.7282638620036994	0.026136539880329757	30	0.6108870967741935	0.609094982078853	0.6458333333333334	0.525089605734767	0.617173796995348	0.6942080378250591	0.47352245862884157	0.5676431863067807	0.6925951345992526	0.6614657210401891	0.6097513353316618	0.06747454568450038	74
3	8.167932724952697	0.1863209011308618	0.14881424903869628	0.008481406194389925	0.8	200	1	9	0	0.052222222222222225	1	{'model__subsample': 0.8, 'model__n_estimators': 200, 'model__min_child_weight': 1, 'model__max_depth': 9, 'model__gamma': 0, 'model__eta': 0.052222222222222225, 'model__colsample_bytree': 1}	0.7682926829268293	0.7804878048780488	0.7804878048780488	0.8292682926829268	0.691358024691358	0.7777777777777778	0.7160493827160493	0.7261904761904762	0.7654320987654321	0.7901234567901234	0.762546780229707	0.038315722003153536	8	0.6064068100358423	0.7327508960573477	0.6124999999999999	0.5598118279569892	0.46671242278654773	0.7559101654846335	0.4756501182033097	0.5018652622339258	0.6169450163959429	0.6145390070921986	0.5943091526246738	0.09315402485161912	94
4	4.964195823669433	0.04489927173383217	0.14988229274749756	0.01568378998577529	0.7	288	4	7	5	0.1788888888888889	1	{'model__subsample': 0.7, 'model__n_estimators': 288, 'model__min_child_weight': 4, 'model__max_depth': 7, 'model__gamma': 5, 'model__eta': 0.1788888888888889, 'model__colsample_bytree': 1}	0.7682926829268293	0.7560975609756098	0.6341463414634146	0.7804878048780488	0.7037037037037037	0.7283950617283951	0.6790123456790124	0.7023809523809523	0.7283950617283951	0.7283950617283951	0.7209306577192756	0.04138067208350123	37	0.6140232974910395	0.8382616487455197	0.7583333333333333	0.5320340501792115	0.5778235338976588	0.7154846335697399	0.5386524822695035	0.641321044546851	0.699687333180813	0.6472813238770686	0.6562902681090738	0.09297347414986722	8
5	6.733514189720154	0.10237171679901617	0.1424389123916626	0.0074579284518081134	0.6	377	1	9	7	0.03111111111111111	1	{'model__subsample': 0.6, 'model__n_estimators': 377, 'model__min_child_weight': 1, 'model__max_depth': 9, 'model__gamma': 7, 'model__eta': 0.03111111111111111, 'model__colsample_bytree': 1}	0.7073170731707317	0.7195121951219512	0.5975609756097561	0.7317073170731707	0.7530864197530864	0.6296296296296297	0.5802469135802469	0.6666666666666666	0.6790123456790124	0.6666666666666666	0.6731406202950919	0.054307248836948555	80	0.5793010752688171	0.8136200716845878	0.7291666666666666	0.5004480286738352	0.6208342865858308	0.650709219858156	0.4778959810874704	0.609062980030722	0.6713185388545718	0.6078014184397164	0.6260158267150373	0.09435708162051483	45
6	6.025806188583374	0.05374634584717742	0.1452251195907593	0.010959535932269306	0.9	377	5	4	7	0.1788888888888889	0.8	{'model__subsample': 0.9, 'model__n_estimators': 377, 'model__min_child_weight': 5, 'model__max_depth': 4, 'model__gamma': 7, 'model__eta': 0.1788888888888889, 'model__colsample_bytree': 0.8}	0.7195121951219512	0.7439024390243902	0.6341463414634146	0.7195121951219512	0.7283950617283951	0.5925925925925926	0.5925925925925926	0.7023809523809523	0.654320987654321	0.691358024691358	0.6778713382371919	0.053079854936353414	74	0.5824372759856631	0.7271505376344085	0.6819444444444445	0.49350358422939067	0.5993289102417448	0.6294326241134752	0.40874704491725766	0.6373710774632434	0.6534736521009684	0.6300236406619385	0.6043412791792535	0.08771857867272041	80
7	3.6328888177871703	0.06737045739852829	0.14697773456573487	0.013481857130853599	0.6	200	1	4	5	0.1788888888888889	1	{'model__subsample': 0.6, 'model__n_estimators': 200, 'model__min_child_weight': 1, 'model__max_depth': 4, 'model__gamma': 5, 'model__eta': 0.1788888888888889, 'model__colsample_bytree': 1}	0.7073170731707317	0.7195121951219512	0.6707317073170732	0.7926829268292683	0.7407407407407407	0.6790123456790124	0.6666666666666666	0.6785714285714286	0.6790123456790124	0.6790123456790124	0.7013259775454899	0.037967076103304354	53	0.5831093189964157	0.7094534050179212	0.7027777777777778	0.5427867383512545	0.6174025775947533	0.6830969267139481	0.5315602836879433	0.5511849901250824	0.6713185388545718	0.6148936170212765	0.6207584174140944	0.06432406677081724	52
8	4.955448150634766	0.09230424004840898	0.15125458240509032	0.010331057339172361	1	288	5	10	5	0.1366666666666667	0.8	{'model__subsample': 1, 'model__n_estimators': 288, 'model__min_child_weight': 5, 'model__max_depth': 10, 'model__gamma': 5, 'model__eta': 0.1366666666666667, 'model__colsample_bytree': 0.8}	0.7682926829268293	0.7073170731707317	0.6341463414634146	0.7439024390243902	0.7283950617283951	0.6790123456790124	0.6172839506172839	0.6904761904761905	0.7160493827160493	0.691358024691358	0.6976233492493653	0.04408712881188411	57	0.6178315412186379	0.59834229390681	0.5972222222222222	0.5073924731182796	0.6029893998322275	0.6830969267139481	0.42293144208037825	0.5500877770463024	0.6925951345992526	0.6219858156028368	0.5894475026340895	0.07589914684199624	97
9	6.244601678848267	0.08747668357618399	0.14725215435028077	0.019611907548936516	1	288	2	5	9	0.01	0.7	{'model__subsample': 1, 'model__n_estimators': 288, 'model__min_child_weight': 2, 'model__max_depth': 5, 'model__gamma': 9, 'model__eta': 0.01, 'model__colsample_bytree': 0.7}	0.6829268292682927	0.7195121951219512	0.5975609756097561	0.7073170731707317	0.7160493827160493	0.6049382716049383	0.6296296296296297	0.6666666666666666	0.691358024691358	0.6419753086419753	0.6657934357121349	0.04279904831179028	91	0.5616039426523297	0.8136200716845878	0.7333333333333334	0.4789426523297491	0.5995576908411501	0.6365248226950354	0.5865248226950355	0.609062980030722	0.6747502478456493	0.6778959810874704	0.6371816545195064	0.08886453559453705	32
10	9.770525455474854	0.10232637895519275	0.15245890617370605	0.014382655866100885	0.8	555	1	6	3	0.03111111111111111	1	{'model__subsample': 0.8, 'model__n_estimators': 555, 'model__min_child_weight': 1, 'model__max_depth': 6, 'model__gamma': 3, 'model__eta': 0.03111111111111111, 'model__colsample_bytree': 1}	0.7804878048780488	0.7317073170731707	0.7195121951219512	0.7682926829268293	0.7407407407407407	0.7283950617283951	0.6790123456790124	0.75	0.7283950617283951	0.7283950617283951	0.7354938271604937	0.0263614633633577	26	0.6171594982078853	0.712589605734767	0.6541666666666667	0.5174731182795699	0.606421108823305	0.7114657210401892	0.46643026004728133	0.5999012508229098	0.699687333180813	0.4947990543735224	0.6080093617176909	0.08566540087845186	76
11	13.37217881679535	0.2804288419878483	0.14503355026245118	0.004226089186373911	0.6	911	3	3	9	0.2	0.7	{'model__subsample': 0.6, 'model__n_estimators': 911, 'model__min_child_weight': 3, 'model__max_depth': 3, 'model__gamma': 9, 'model__eta': 0.2, 'model__colsample_bytree': 0.7}	0.6707317073170732	0.6829268292682927	0.6097560975609756	0.7682926829268293	0.7283950617283951	0.6049382716049383	0.5802469135802469	0.6547619047619048	0.654320987654321	0.654320987654321	0.6608691444057297	0.05389543861068102	97	0.6702508960573477	0.7927867383512545	0.736111111111111	0.6292562724014337	0.7070083123617783	0.6405437352245863	0.4778959810874704	0.6906407724380075	0.6534736521009684	0.600709219858156	0.6598676690992114	0.08045020186116793	5
12	7.437336134910583	0.12178932720683694	0.14350488185882568	0.002451786639729198	0.8	466	4	5	5	0.09444444444444444	1	{'model__subsample': 0.8, 'model__n_estimators': 466, 'model__min_child_weight': 4, 'model__max_depth': 5, 'model__gamma': 5, 'model__eta': 0.09444444444444444, 'model__colsample_bytree': 1}	0.7439024390243902	0.7317073170731707	0.7073170731707317	0.7560975609756098	0.7777777777777778	0.7037037037037037	0.6790123456790124	0.7023809523809523	0.691358024691358	0.6790123456790124	0.7172269540155719	0.03192176474658786	43	0.6039426523297491	0.712589605734767	0.7999999999999999	0.5219534050179212	0.638679173339434	0.6972813238770685	0.5386524822695035	0.5608404652183454	0.6747502478456493	0.6189125295508274	0.6367601885183265	0.08214141772861867	33
13	9.702631378173828	0.10316443317980407	0.14589989185333252	0.006247231910552069	0.9	644	3	4	9	0.09444444444444444	1	{'model__subsample': 0.9, 'model__n_estimators': 644, 'model__min_child_weight': 3, 'model__max_depth': 4, 'model__gamma': 9, 'model__eta': 0.09444444444444444, 'model__colsample_bytree': 1}	0.6707317073170732	0.7195121951219512	0.5853658536585366	0.7073170731707317	0.7283950617283951	0.6296296296296297	0.5925925925925926	0.7023809523809523	0.6296296296296297	0.6419753086419753	0.6607530003871467	0.04964650892687235	98	0.5546594982078853	0.7094534050179212	0.7222222222222222	0.48275089605734767	0.6066498894227103	0.650709219858156	0.5612293144208037	0.6334211103796358	0.6319682757568824	0.6016548463356974	0.6154718677679262	0.06825550372629134	61
14	11.048546171188354	0.11827553917712366	0.1434387445449829	0.0014556698275382805	0.6	733	2	10	5	0.1788888888888889	0.9	{'model__subsample': 0.6, 'model__n_estimators': 733, 'model__min_child_weight': 2, 'model__max_depth': 10, 'model__gamma': 5, 'model__eta': 0.1788888888888889, 'model__colsample_bytree': 0.9}	0.7439024390243902	0.7560975609756098	0.6829268292682927	0.7926829268292683	0.8148148148148148	0.6666666666666666	0.6790123456790124	0.7023809523809523	0.6790123456790124	0.7160493827160493	0.7233546264034069	0.048927865822475276	34	0.6077508960573476	0.8420698924731184	0.7013888888888888	0.5427867383512545	0.6672767482650804	0.6760047281323877	0.5346335697399528	0.641321044546851	0.6749790284450544	0.6401891252955082	0.6528400660195445	0.08234703792020695	10
15	13.458652257919312	0.24202385413326072	0.14466376304626466	0.0028269659192618323	1	911	5	3	7	0.07333333333333333	0.7	{'model__subsample': 1, 'model__n_estimators': 911, 'model__min_child_weight': 5, 'model__max_depth': 3, 'model__gamma': 7, 'model__eta': 0.07333333333333333, 'model__colsample_bytree': 0.7}	0.6829268292682927	0.7195121951219512	0.6341463414634146	0.7073170731707317	0.7654320987654321	0.6172839506172839	0.6049382716049383	0.6666666666666666	0.6790123456790124	0.6296296296296297	0.6706865401987353	0.04809708090457017	84	0.5616039426523297	0.8098118279569894	0.7541666666666668	0.48275089605734767	0.731945397696942	0.6436170212765958	0.4960992907801418	0.609062980030722	0.6713185388545718	0.5905437352245863	0.6350920297196894	0.10298580037472016	34
16	4.865213060379029	0.10668252956736661	0.15012965202331544	0.014822325820389469	0.6	288	4	4	9	0.1788888888888889	0.7	{'model__subsample': 0.6, 'model__n_estimators': 288, 'model__min_child_weight': 4, 'model__max_depth': 4, 'model__gamma': 9, 'model__eta': 0.1788888888888889, 'model__colsample_bytree': 0.7}	0.7317073170731707	0.7317073170731707	0.6097560975609756	0.7073170731707317	0.6790123456790124	0.6419753086419753	0.5679012345679012	0.6785714285714286	0.6666666666666666	0.6666666666666666	0.6681281455671699	0.04897845905575189	89	0.6008064516129031	0.8205645161290324	0.736111111111111	0.5869175627240143	0.5746206055059864	0.6618203309692672	0.47080378250591015	0.6963462804476629	0.6605658506825288	0.6840425531914893	0.6492599044879904	0.09178936068167977	15
17	4.324053955078125	0.11722965062381538	0.14623873233795165	0.009065810183344708	1	200	4	3	0	0.07333333333333333	0.8	{'model__subsample': 1, 'model__n_estimators': 200, 'model__min_child_weight': 4, 'model__max_depth': 3, 'model__gamma': 0, 'model__eta': 0.07333333333333333, 'model__colsample_bytree': 0.8}	0.7804878048780488	0.6951219512195121	0.7804878048780488	0.7804878048780488	0.7407407407407407	0.7283950617283951	0.7530864197530864	0.7261904761904762	0.7901234567901234	0.7407407407407407	0.751586226179722	0.029324921413986463	17	0.6323924731182796	0.7883064516129031	0.6930555555555555	0.5320340501792115	0.4950812171127888	0.6432624113475177	0.5852245862884161	0.5823458415624314	0.7351483260886144	0.650354609929078	0.6337205522794797	0.08522134035117719	37
18	10.03476619720459	0.1361787780141024	0.14692335128784179	0.006379655099620217	0.9	644	2	8	3	0.09444444444444444	0.7	{'model__subsample': 0.9, 'model__n_estimators': 644, 'model__min_child_weight': 2, 'model__max_depth': 8, 'model__gamma': 3, 'model__eta': 0.09444444444444444, 'model__colsample_bytree': 0.7}	0.7926829268292683	0.7195121951219512	0.7317073170731707	0.7439024390243902	0.7283950617283951	0.7283950617283951	0.7037037037037037	0.7380952380952381	0.7407407407407407	0.7407407407407407	0.7367875424785992	0.02183468693666774	24	0.6317204301075269	0.701836917562724	0.7333333333333334	0.5073924731182796	0.5993289102417448	0.7195035460992907	0.4806146572104019	0.5891485626508668	0.710440021352856	0.5821513002364066	0.6255470151913431	0.08507179995916031	46
19	5.061548137664795	0.13116025287571242	0.15407054424285888	0.01809097431698247	1	200	4	5	0	0.1577777777777778	0.7	{'model__subsample': 1, 'model__n_estimators': 200, 'model__min_child_weight': 4, 'model__max_depth': 5, 'model__gamma': 0, 'model__eta': 0.1577777777777778, 'model__colsample_bytree': 0.7}	0.7926829268292683	0.7682926829268293	0.7317073170731707	0.8170731707317073	0.7160493827160493	0.7901234567901234	0.7160493827160493	0.7023809523809523	0.8148148148148148	0.7901234567901234	0.7639297543769088	0.04128330499748607	5	0.6317204301075269	0.7334229390681003	0.5125000000000001	0.5528673835125448	0.4808968199496683	0.6907801418439717	0.4756501182033097	0.4882598200570551	0.6562952794936322	0.6065011820330969	0.5828894114268905	0.08907562175392733	99
20	8.517510867118835	0.16242540315757925	0.14750192165374756	0.0034605163744050264	0.9	200	2	10	0	0.03111111111111111	1	{'model__subsample': 0.9, 'model__n_estimators': 200, 'model__min_child_weight': 2, 'model__max_depth': 10, 'model__gamma': 0, 'model__eta': 0.03111111111111111, 'model__colsample_bytree': 1}	0.7804878048780488	0.7439024390243902	0.7560975609756098	0.7926829268292683	0.7160493827160493	0.7530864197530864	0.7530864197530864	0.7380952380952381	0.7777777777777778	0.7901234567901234	0.7601389426592678	0.02343636890184429	11	0.6171594982078853	0.7119175627240143	0.5944444444444444	0.5389784946236559	0.584915732479219	0.7336879432624114	0.5049645390070922	0.5851985955672592	0.728056127507054	0.6145390070921986	0.6213861944915234	0.07480732626653731	51
21	7.595310020446777	0.1201903657639362	0.14403302669525148	0.004757617316241395	0.7	466	1	10	3	0.11555555555555555	0.7	{'model__subsample': 0.7, 'model__n_estimators': 466, 'model__min_child_weight': 1, 'model__max_depth': 10, 'model__gamma': 3, 'model__eta': 0.11555555555555555, 'model__colsample_bytree': 0.7}	0.7804878048780488	0.7439024390243902	0.7317073170731707	0.7804878048780488	0.7283950617283951	0.7037037037037037	0.6790123456790124	0.7023809523809523	0.7530864197530864	0.7530864197530864	0.7356250268851895	0.03178114160152441	25	0.6247759856630825	0.8198924731182796	0.6569444444444444	0.5320340501792115	0.595668420651262	0.6972813238770685	0.5386524822695035	0.641321044546851	0.7175322199344162	0.6574468085106383	0.6481549253194757	0.0810598203195467	16
22	9.818938374519348	0.17553047222832752	0.15194156169891357	0.02540078956572638	1	644	4	3	5	0.09444444444444444	0.7	{'model__subsample': 1, 'model__n_estimators': 644, 'model__min_child_weight': 4, 'model__max_depth': 3, 'model__gamma': 5, 'model__eta': 0.09444444444444444, 'model__colsample_bytree': 0.7}	0.7195121951219512	0.7317073170731707	0.6829268292682927	0.7317073170731707	0.7407407407407407	0.654320987654321	0.654320987654321	0.6785714285714286	0.691358024691358	0.6419753086419753	0.692714113649073	0.034475745012745224	61	0.5938620071684587	0.8167562724014337	0.7055555555555556	0.4966397849462365	0.506062685884237	0.5926713947990544	0.5284869976359338	0.6158657011191574	0.6710897582551666	0.5976359338061465	0.6124626091571381	0.0930570790591872	67
23	8.582263922691345	0.07795564675325582	0.15111186504364013	0.017615988551597257	0.7	555	5	9	7	0.1366666666666667	1	{'model__subsample': 0.7, 'model__n_estimators': 555, 'model__min_child_weight': 5, 'model__max_depth': 9, 'model__gamma': 7, 'model__eta': 0.1366666666666667, 'model__colsample_bytree': 1}	0.7560975609756098	0.7439024390243902	0.6097560975609756	0.7317073170731707	0.7654320987654321	0.6296296296296297	0.6296296296296297	0.7142857142857143	0.7037037037037037	0.7160493827160493	0.7000193573364305	0.05374420152570891	56	0.6070788530465949	0.8351254480286738	0.736111111111111	0.5004480286738352	0.627926485167391	0.6466903073286052	0.5102836879432624	0.6481237656352864	0.6855029360176923	0.7164302600472814	0.6513720882999734	0.09569302264716753	12
24	6.204670643806457	0.12902785840904565	0.14765865802764894	0.010705383443472969	0.7	377	1	7	9	0.07333333333333333	0.9	{'model__subsample': 0.7, 'model__n_estimators': 377, 'model__min_child_weight': 1, 'model__max_depth': 7, 'model__gamma': 9, 'model__eta': 0.07333333333333333, 'model__colsample_bytree': 0.9}	0.6951219512195121	0.7195121951219512	0.5975609756097561	0.7317073170731707	0.7160493827160493	0.6049382716049383	0.5802469135802469	0.6428571428571429	0.6790123456790124	0.654320987654321	0.6621327483116101	0.05195365031580486	96	0.5685483870967741	0.8136200716845878	0.7291666666666666	0.5004480286738352	0.5995576908411501	0.6325059101654846	0.4778959810874704	0.5954575378538512	0.6676580492640891	0.6849881796690308	0.626984650300294	0.09681069454293315	43
25	4.813420629501342	0.07738672494224927	0.14881010055541993	0.010862592698210407	1	288	5	8	9	0.1366666666666667	0.8	{'model__subsample': 1, 'model__n_estimators': 288, 'model__min_child_weight': 5, 'model__max_depth': 8, 'model__gamma': 9, 'model__eta': 0.1366666666666667, 'model__colsample_bytree': 0.8}	0.7073170731707317	0.7073170731707317	0.6585365853658537	0.6829268292682927	0.7283950617283951	0.6296296296296297	0.6049382716049383	0.7023809523809523	0.6790123456790124	0.654320987654321	0.6754774809652859	0.03664965365804013	79	0.5754928315412186	0.59834229390681	0.7722222222222221	0.4650537634408602	0.6103103790131931	0.650709219858156	0.4960992907801418	0.6334211103796358	0.6639975596736063	0.676950354609929	0.6142599025425773	0.08428996576517439	63
26	10.962638545036317	0.09671621823186463	0.15645084381103516	0.018325719519763285	0.8	733	1	4	7	0.2	0.7	{'model__subsample': 0.8, 'model__n_estimators': 733, 'model__min_child_weight': 1, 'model__max_depth': 4, 'model__gamma': 7, 'model__eta': 0.2, 'model__colsample_bytree': 0.7}	0.7195121951219512	0.6951219512195121	0.6707317073170732	0.7682926829268293	0.7530864197530864	0.6296296296296297	0.654320987654321	0.6785714285714286	0.7160493827160493	0.6790123456790124	0.6964328730588892	0.04100216801613471	58	0.5862455197132616	0.6993727598566308	0.775	0.6254480286738351	0.617173796995348	0.6466903073286052	0.524468085106383	0.6277156023699803	0.6852741554182872	0.6189125295508274	0.6406300785013158	0.06434766098534814	23
27	7.3520979404449465	0.07055734184197994	0.1586669921875	0.016937001045655254	0.8	377	5	7	3	0.03111111111111111	0.8	{'model__subsample': 0.8, 'model__n_estimators': 377, 'model__min_child_weight': 5, 'model__max_depth': 7, 'model__gamma': 3, 'model__eta': 0.03111111111111111, 'model__colsample_bytree': 0.8}	0.7560975609756098	0.7317073170731707	0.6951219512195121	0.7560975609756098	0.7283950617283951	0.7160493827160493	0.6419753086419753	0.7261904761904762	0.7283950617283951	0.7407407407407407	0.7220770421989934	0.03167304791335007	36	0.6032706093189965	0.7163978494623655	0.6361111111111111	0.514336917562724	0.5993289102417448	0.7003546099290779	0.4371158392434988	0.5783958744788238	0.699687333180813	0.5781323877068557	0.6063131442236012	0.0832394241977363	77
28	11.256878852844238	0.12341987084071931	0.1462453842163086	0.011460937982508725	1	466	2	6	0	0.1366666666666667	1	{'model__subsample': 1, 'model__n_estimators': 466, 'model__min_child_weight': 2, 'model__max_depth': 6, 'model__gamma': 0, 'model__eta': 0.1366666666666667, 'model__colsample_bytree': 1}	0.7439024390243902	0.7195121951219512	0.7195121951219512	0.8170731707317073	0.7407407407407407	0.7777777777777778	0.7407407407407407	0.7261904761904762	0.7777777777777778	0.7777777777777778	0.7541005291005292	0.03046315083553995	14	0.5963261648745519	0.5976702508960573	0.5055555555555555	0.5528673835125448	0.606421108823305	0.7599290780141844	0.48983451536643025	0.5783958744788238	0.6276977045679859	0.5994089834515366	0.5914106619540976	0.07029339880393431	95
29	9.757340431213379	0.13455790537264917	0.1416011095046997	0.0062404704443033785	0.7	644	5	3	9	0.1788888888888889	0.8	{'model__subsample': 0.7, 'model__n_estimators': 644, 'model__min_child_weight': 5, 'model__max_depth': 3, 'model__gamma': 9, 'model__eta': 0.1788888888888889, 'model__colsample_bytree': 0.8}	0.7317073170731707	0.7073170731707317	0.573170731707317	0.7317073170731707	0.7407407407407407	0.6296296296296297	0.5802469135802469	0.6666666666666666	0.6419753086419753	0.7160493827160493	0.6719211080999699	0.059961509618387816	82	0.6973566308243727	0.8066756272401433	0.7152777777777777	0.5080645161290323	0.7177610005338213	0.650709219858156	0.5541371158392435	0.697443493526443	0.6463814535194081	0.7204491725768322	0.671425600782523	0.08222835425670083	3
30	10.835852932929992	0.1513430786562783	0.15234711170196533	0.017734716094574946	0.8	377	5	7	0	0.03111111111111111	0.7	{'model__subsample': 0.8, 'model__n_estimators': 377, 'model__min_child_weight': 5, 'model__max_depth': 7, 'model__gamma': 0, 'model__eta': 0.03111111111111111, 'model__colsample_bytree': 0.7}	0.7926829268292683	0.8170731707317073	0.7317073170731707	0.8292682926829268	0.691358024691358	0.7654320987654321	0.7530864197530864	0.7261904761904762	0.8024691358024691	0.7777777777777778	0.7687045640297672	0.04149480123373524	4	0.6279121863799283	0.8767921146953405	0.5847222222222223	0.5598118279569892	0.46671242278654773	0.6725768321513002	0.5771867612293144	0.5783958744788238	0.7459010142606574	0.6034278959810875	0.6293439152142211	0.10768000014462152	38
31	12.610582661628722	0.19727681392390697	0.14539198875427245	0.00246966056993534	0.7	822	3	7	3	0.1366666666666667	0.9	{'model__subsample': 0.7, 'model__n_estimators': 822, 'model__min_child_weight': 3, 'model__max_depth': 7, 'model__gamma': 3, 'model__eta': 0.1366666666666667, 'model__colsample_bytree': 0.9}	0.7804878048780488	0.7560975609756098	0.7317073170731707	0.7560975609756098	0.7407407407407407	0.7530864197530864	0.6666666666666666	0.6904761904761905	0.7160493827160493	0.7283950617283951	0.7319804705983567	0.032083735102624786	28	0.6209677419354839	0.7379032258064516	0.5888888888888889	0.514336917562724	0.606421108823305	0.7336879432624114	0.5275413711583924	0.5579877112135176	0.6999161137802181	0.6472813238770686	0.6234932346308462	0.07651599906798981	49
32	11.041858243942261	0.2028442212575559	0.15673305988311767	0.03704224710725766	0.9	733	2	3	5	0.11555555555555555	0.7	{'model__subsample': 0.9, 'model__n_estimators': 733, 'model__min_child_weight': 2, 'model__max_depth': 3, 'model__gamma': 5, 'model__eta': 0.11555555555555555, 'model__colsample_bytree': 0.7}	0.7195121951219512	0.7195121951219512	0.5975609756097561	0.7926829268292683	0.7407407407407407	0.6790123456790124	0.6790123456790124	0.7023809523809523	0.7160493827160493	0.6666666666666666	0.701313072654536	0.048727017677541354	55	0.5900537634408601	0.701836917562724	0.6527777777777778	0.5427867383512545	0.5097231754747198	0.6830969267139481	0.5426713947990544	0.6373710774632434	0.6925951345992526	0.6118203309692671	0.6164733237152101	0.06501275447952695	58
33	8.952412724494934	0.15117692257226012	0.14695899486541747	0.013488420171214004	1	555	3	6	3	0.07333333333333333	0.8	{'model__subsample': 1, 'model__n_estimators': 555, 'model__min_child_weight': 3, 'model__max_depth': 6, 'model__gamma': 3, 'model__eta': 0.07333333333333333, 'model__colsample_bytree': 0.8}	0.7439024390243902	0.6951219512195121	0.6951219512195121	0.7317073170731707	0.7283950617283951	0.7037037037037037	0.654320987654321	0.7142857142857143	0.7160493827160493	0.7160493827160493	0.7098657891340817	0.023733619614469376	49	0.6039426523297491	0.587589605734767	0.6319444444444444	0.5004480286738352	0.5993289102417448	0.7013002364066194	0.4482269503546099	0.5715931533903884	0.6925951345992526	0.567966903073286	0.5904936019248697	0.07341734326166247	96
34	3.6086281538009644	0.09736992953112397	0.15196914672851564	0.016443967228032846	0.8	200	3	4	7	0.1788888888888889	0.8	{'model__subsample': 0.8, 'model__n_estimators': 200, 'model__min_child_weight': 3, 'model__max_depth': 4, 'model__gamma': 7, 'model__eta': 0.1788888888888889, 'model__colsample_bytree': 0.8}	0.7073170731707317	0.6951219512195121	0.6097560975609756	0.7195121951219512	0.7283950617283951	0.6296296296296297	0.6419753086419753	0.6785714285714286	0.6419753086419753	0.6790123456790124	0.6731266399965588	0.03843424424289295	81	0.5754928315412186	0.6993727598566308	0.736111111111111	0.4858870967741935	0.6066498894227103	0.6466903073286052	0.5173758865248227	0.543285055957867	0.6463814535194081	0.6229314420803783	0.6080177834116947	0.07505019157140085	75
35	10.314420413970947	0.16712404710611017	0.1468907117843628	0.01482247053168919	0.7	644	3	3	3	0.052222222222222225	0.7	{'model__subsample': 0.7, 'model__n_estimators': 644, 'model__min_child_weight': 3, 'model__max_depth': 3, 'model__gamma': 3, 'model__eta': 0.052222222222222225, 'model__colsample_bytree': 0.7}	0.7682926829268293	0.7439024390243902	0.7195121951219512	0.7682926829268293	0.7283950617283951	0.7037037037037037	0.7037037037037037	0.7142857142857143	0.7407407407407407	0.7530864197530864	0.7343915343915344	0.023073635472509676	27	0.6178315412186379	0.8198924731182796	0.7305555555555555	0.525089605734767	0.4989704873026768	0.6972813238770685	0.5568557919621749	0.5715931533903884	0.710440021352856	0.6614657210401891	0.6389975674552594	0.09717659409007866	26
36	8.447850871086121	0.11970530141371258	0.1519845724105835	0.012296300641939201	0.9	555	2	4	9	0.11555555555555555	1	{'model__subsample': 0.9, 'model__n_estimators': 555, 'model__min_child_weight': 2, 'model__max_depth': 4, 'model__gamma': 9, 'model__eta': 0.11555555555555555, 'model__colsample_bytree': 1}	0.6707317073170732	0.6951219512195121	0.6219512195121951	0.6829268292682927	0.7283950617283951	0.5802469135802469	0.5802469135802469	0.6904761904761905	0.6419753086419753	0.6296296296296297	0.6521701724953759	0.04720598409682903	99	0.5546594982078853	0.6917562724014337	0.7430555555555555	0.46886200716845877	0.6066498894227103	0.618321513002364	0.47387706855791967	0.6266183892912004	0.6427209639289254	0.5945626477541371	0.602108380529059	0.08181849668192484	83
37	8.592783427238464	0.1381842899929684	0.17338597774505615	0.05696512162045444	1	555	2	10	7	0.1577777777777778	0.7	{'model__subsample': 1, 'model__n_estimators': 555, 'model__min_child_weight': 2, 'model__max_depth': 10, 'model__gamma': 7, 'model__eta': 0.1577777777777778, 'model__colsample_bytree': 0.7}	0.6829268292682927	0.6951219512195121	0.6341463414634146	0.7317073170731707	0.7530864197530864	0.6419753086419753	0.6296296296296297	0.7142857142857143	0.6666666666666666	0.691358024691358	0.6840904202692821	0.03956399603395398	72	0.5692204301075269	0.587589605734767	0.75	0.4966397849462365	0.6281552657667963	0.6537825059101655	0.5062647754137116	0.6441737985516788	0.6605658506825288	0.5497635933806146	0.6046155610494026	0.07395032953582122	79
38	10.9160551071167	0.30785785247412273	0.15856575965881348	0.04627714967740659	0.6	644	1	5	7	0.09444444444444444	0.8	{'model__subsample': 0.6, 'model__n_estimators': 644, 'model__min_child_weight': 1, 'model__max_depth': 5, 'model__gamma': 7, 'model__eta': 0.09444444444444444, 'model__colsample_bytree': 0.8}	0.7317073170731707	0.7560975609756098	0.6463414634146342	0.7439024390243902	0.7530864197530864	0.6172839506172839	0.5925925925925926	0.6547619047619048	0.654320987654321	0.6790123456790124	0.6829106981546007	0.05639903691176208	73	0.6008064516129031	0.8420698924731184	0.7569444444444443	0.5112007168458782	0.6244947761763135	0.6436170212765958	0.48498817966903074	0.6827408382707922	0.6498131625104858	0.6148936170212765	0.6411569100300838	0.09972753723541349	22
39	9.341507506370544	0.5851953912368542	0.1745586395263672	0.040751853011350335	0.7	555	5	3	9	0.052222222222222225	0.8	{'model__subsample': 0.7, 'model__n_estimators': 555, 'model__min_child_weight': 5, 'model__max_depth': 3, 'model__gamma': 9, 'model__eta': 0.052222222222222225, 'model__colsample_bytree': 0.8}	0.7073170731707317	0.7195121951219512	0.5853658536585366	0.7317073170731707	0.7283950617283951	0.6049382716049383	0.5925925925925926	0.6547619047619048	0.6790123456790124	0.654320987654321	0.6657923603045555	0.053695328113240556	92	0.6796594982078853	0.8136200716845878	0.7222222222222222	0.6008064516129031	0.7106688019522611	0.6365248226950354	0.5652482269503546	0.6787908711871845	0.6676580492640891	0.7612293144208038	0.6836428330197327	0.0696611042580724	1
40	8.8917245388031	0.4867597890397687	0.1521190881729126	0.02262392753764525	0.9	466	5	5	9	0.03111111111111111	0.9	{'model__subsample': 0.9, 'model__n_estimators': 466, 'model__min_child_weight': 5, 'model__max_depth': 5, 'model__gamma': 9, 'model__eta': 0.03111111111111111, 'model__colsample_bytree': 0.9}	0.6951219512195121	0.7195121951219512	0.6097560975609756	0.7073170731707317	0.7654320987654321	0.6296296296296297	0.6049382716049383	0.6785714285714286	0.691358024691358	0.654320987654321	0.6755957757990279	0.04851482389644308	76	0.5685483870967741	0.8136200716845878	0.736111111111111	0.4789426523297491	0.627926485167391	0.650709219858156	0.4960992907801418	0.6158657011191574	0.6747502478456493	0.6047281323877068	0.6267301299380423	0.09626380560638283	44
41	8.009157824516297	0.3706928954760907	0.2073779821395874	0.04494618240345867	0.8	377	5	9	5	0.03111111111111111	0.8	{'model__subsample': 0.8, 'model__n_estimators': 377, 'model__min_child_weight': 5, 'model__max_depth': 9, 'model__gamma': 5, 'model__eta': 0.03111111111111111, 'model__colsample_bytree': 0.8}	0.7804878048780488	0.7317073170731707	0.6951219512195121	0.7804878048780488	0.7654320987654321	0.7037037037037037	0.6172839506172839	0.7261904761904762	0.691358024691358	0.7160493827160493	0.7207822514733083	0.04671395110928014	38	0.6247759856630825	0.7163978494623655	0.7888888888888889	0.5320340501792115	0.627926485167391	0.6932624113475176	0.42293144208037825	0.6549264867237218	0.6747502478456493	0.6361702127659574	0.6372064060124164	0.09558314075106464	31
42	13.152682542800903	0.6546637270997351	0.1539987087249756	0.012661330741491677	0.6	822	2	10	9	0.052222222222222225	0.7	{'model__subsample': 0.6, 'model__n_estimators': 822, 'model__min_child_weight': 2, 'model__max_depth': 10, 'model__gamma': 9, 'model__eta': 0.052222222222222225, 'model__colsample_bytree': 0.7}	0.6951219512195121	0.7073170731707317	0.6219512195121951	0.7195121951219512	0.7160493827160493	0.5925925925925926	0.5925925925925926	0.6547619047619048	0.6666666666666666	0.6666666666666666	0.6633232245020864	0.04549374320176203	95	0.5723566308243727	0.810483870967742	0.7472222222222222	0.5938620071684587	0.7035766033707008	0.6254137115839243	0.5612293144208037	0.6787908711871845	0.6605658506825288	0.7643026004728132	0.6717803682900751	0.08062516014646566	2
43	17.270723009109496	1.0653332344076338	0.21189026832580565	0.0456895890990382	0.9	911	5	5	3	0.2	0.7	{'model__subsample': 0.9, 'model__n_estimators': 911, 'model__min_child_weight': 5, 'model__max_depth': 5, 'model__gamma': 3, 'model__eta': 0.2, 'model__colsample_bytree': 0.7}	0.7439024390243902	0.7073170731707317	0.6829268292682927	0.7682926829268293	0.7654320987654321	0.7160493827160493	0.6790123456790124	0.7142857142857143	0.7160493827160493	0.7037037037037037	0.7196971652256204	0.02917425207380223	39	0.6001344086021505	0.6987007168458782	0.6291666666666667	0.5212813620071685	0.6242659955769084	0.7003546099290779	0.5426713947990544	0.5715931533903884	0.6962556241897353	0.5568557919621749	0.6141279723969203	0.06377549999982952	65
44	19.603089237213133	0.4704455683089519	0.2084355115890503	0.04750322562033338	0.6	1000	3	8	7	0.11555555555555555	0.7	{'model__subsample': 0.6, 'model__n_estimators': 1000, 'model__min_child_weight': 3, 'model__max_depth': 8, 'model__gamma': 7, 'model__eta': 0.11555555555555555, 'model__colsample_bytree': 0.7}	0.7073170731707317	0.7439024390243902	0.6341463414634146	0.7560975609756098	0.7283950617283951	0.6049382716049383	0.654320987654321	0.6666666666666666	0.6666666666666666	0.7160493827160493	0.6878500451671183	0.04732629204830221	68	0.5869175627240143	0.8389336917562723	0.75	0.5181451612903226	0.6066498894227103	0.6325059101654846	0.524468085106383	0.6169629141979373	0.6642263402730114	0.6361702127659574	0.6374979767702095	0.09215566404185933	29
45	14.936356711387635	0.3508618737989395	0.16819663047790528	0.03541122500425238	0.6	733	5	10	3	0.07333333333333333	1	{'model__subsample': 0.6, 'model__n_estimators': 733, 'model__min_child_weight': 5, 'model__max_depth': 10, 'model__gamma': 3, 'model__eta': 0.07333333333333333, 'model__colsample_bytree': 1}	0.7682926829268293	0.7682926829268293	0.7439024390243902	0.7804878048780488	0.7530864197530864	0.7283950617283951	0.7037037037037037	0.7142857142857143	0.7160493827160493	0.7654320987654321	0.7441927990708479	0.025660564788905858	20	0.6140232974910395	0.8490143369175627	0.6722222222222222	0.53584229390681	0.6208342865858308	0.7195035460992907	0.5488179669030733	0.5715931533903884	0.6925951345992526	0.6685579196217494	0.6493004157737219	0.08868342872862549	14
46	12.577731680870055	0.40748066294838853	0.19697115421295167	0.048143547140994884	0.9	644	5	5	3	0.11555555555555555	0.8	{'model__subsample': 0.9, 'model__n_estimators': 644, 'model__min_child_weight': 5, 'model__max_depth': 5, 'model__gamma': 3, 'model__eta': 0.11555555555555555, 'model__colsample_bytree': 0.8}	0.7682926829268293	0.7195121951219512	0.7073170731707317	0.7926829268292683	0.8024691358024691	0.7037037037037037	0.6790123456790124	0.7261904761904762	0.7407407407407407	0.7283950617283951	0.7368316341893577	0.0377210013010454	23	0.6254480286738351	0.7056451612903225	0.6513888888888889	0.5389784946236559	0.6565240600930374	0.6932624113475176	0.5386524822695035	0.5823458415624314	0.710440021352856	0.6472813238770686	0.6349966713979116	0.06027091345194052	35
47	7.099934482574463	0.14726234115017353	0.15940959453582765	0.03218713538937158	0.7	377	3	9	5	0.07333333333333333	0.9	{'model__subsample': 0.7, 'model__n_estimators': 377, 'model__min_child_weight': 3, 'model__max_depth': 9, 'model__gamma': 5, 'model__eta': 0.07333333333333333, 'model__colsample_bytree': 0.9}	0.7682926829268293	0.7560975609756098	0.6951219512195121	0.7804878048780488	0.7654320987654321	0.6666666666666666	0.6666666666666666	0.7023809523809523	0.7160493827160493	0.7037037037037037	0.722089947089947	0.0402663658285481	35	0.6140232974910395	0.8382616487455197	0.7125	0.53584229390681	0.6315869747578738	0.6719858156028368	0.5315602836879433	0.5647904323019531	0.6925951345992526	0.6290780141843971	0.6422223895277626	0.08799614680276324	20
48	8.858526849746704	0.2706709405215193	0.16418819427490233	0.033529685670269226	0.6	377	4	6	7	0.01	0.9	{'model__subsample': 0.6, 'model__n_estimators': 377, 'model__min_child_weight': 4, 'model__max_depth': 6, 'model__gamma': 7, 'model__eta': 0.01, 'model__colsample_bytree': 0.9}	0.7195121951219512	0.7317073170731707	0.6219512195121951	0.7195121951219512	0.7037037037037037	0.6049382716049383	0.5925925925925926	0.6785714285714286	0.6790123456790124	0.654320987654321	0.6705822256635265	0.04772567590747667	85	0.5862455197132616	0.8243727598566308	0.7472222222222222	0.5976702508960573	0.5924654922595897	0.6365248226950354	0.5652482269503546	0.6158657011191574	0.6713185388545718	0.757210401891253	0.6594143936458134	0.08340450344353748	6
49	5.46688711643219	0.1358948262533872	0.1636359691619873	0.035814450889777805	1	200	4	4	0	0.11555555555555555	0.9	{'model__subsample': 1, 'model__n_estimators': 200, 'model__min_child_weight': 4, 'model__max_depth': 4, 'model__gamma': 0, 'model__eta': 0.11555555555555555, 'model__colsample_bytree': 0.9}	0.7682926829268293	0.6829268292682927	0.7804878048780488	0.8048780487804879	0.7283950617283951	0.7654320987654321	0.7407407407407407	0.7142857142857143	0.7777777777777778	0.7654320987654321	0.7528648857917151	0.03430507977781354	15	0.6216397849462365	0.576836917562724	0.6166666666666667	0.5421146953405018	0.4916495081217113	0.6725768321513002	0.49787234042553186	0.5715931533903884	0.728056127507054	0.6685579196217494	0.5987563945733865	0.07345789473164592	88
50	13.425265312194824	0.269855196090928	0.16009602546691895	0.042918359121571284	1	733	2	3	9	0.11555555555555555	0.7	{'model__subsample': 1, 'model__n_estimators': 733, 'model__min_child_weight': 2, 'model__max_depth': 3, 'model__gamma': 9, 'model__eta': 0.11555555555555555, 'model__colsample_bytree': 0.7}	0.6829268292682927	0.7195121951219512	0.6097560975609756	0.6951219512195121	0.7160493827160493	0.6049382716049383	0.6172839506172839	0.6547619047619048	0.691358024691358	0.6419753086419753	0.6633683916204242	0.041286223370030795	94	0.5616039426523297	0.8136200716845878	0.7402777777777777	0.47199820788530467	0.7035766033707008	0.6365248226950354	0.5794326241134752	0.6022602589422866	0.6747502478456493	0.5976359338061465	0.6381680490773294	0.09310509963881625	28
51	11.61172707080841	0.8730669364367672	0.18580734729766846	0.04798858085108343	1	555	2	10	9	0.052222222222222225	0.7	{'model__subsample': 1, 'model__n_estimators': 555, 'model__min_child_weight': 2, 'model__max_depth': 10, 'model__gamma': 9, 'model__eta': 0.052222222222222225, 'model__colsample_bytree': 0.7}	0.7073170731707317	0.7195121951219512	0.6097560975609756	0.7073170731707317	0.7283950617283951	0.6172839506172839	0.6419753086419753	0.6666666666666666	0.6790123456790124	0.6790123456790124	0.6756248118036737	0.03961998529978601	75	0.5793010752688171	0.8136200716845878	0.736111111111111	0.4789426523297491	0.6066498894227103	0.6436170212765958	0.5173758865248227	0.609062980030722	0.6639975596736063	0.6951536643026005	0.6343831911625323	0.09456559254960696	36
52	9.826853895187378	0.7704844613002698	0.20129809379577637	0.04944960306406866	0.9	466	5	3	5	0.09444444444444444	0.7	{'model__subsample': 0.9, 'model__n_estimators': 466, 'model__min_child_weight': 5, 'model__max_depth': 3, 'model__gamma': 5, 'model__eta': 0.09444444444444444, 'model__colsample_bytree': 0.7}	0.7682926829268293	0.7317073170731707	0.6585365853658537	0.7439024390243902	0.7654320987654321	0.6790123456790124	0.6419753086419753	0.6785714285714286	0.691358024691358	0.691358024691358	0.7050146255430807	0.0421446032692723	52	0.6178315412186379	0.712589605734767	0.6916666666666668	0.5073924731182796	0.6315869747578738	0.6830969267139481	0.5173758865248227	0.619815668202765	0.6784107374361321	0.6260047281323877	0.6285771208506281	0.0661464491122622	39
53	6.601192116737366	0.17951349269713804	0.1693176507949829	0.036195157670461005	1	288	2	3	5	0.11555555555555555	0.7	{'model__subsample': 1, 'model__n_estimators': 288, 'model__min_child_weight': 2, 'model__max_depth': 3, 'model__gamma': 5, 'model__eta': 0.11555555555555555, 'model__colsample_bytree': 0.7}	0.6951219512195121	0.7073170731707317	0.6951219512195121	0.7439024390243902	0.7160493827160493	0.6666666666666666	0.6419753086419753	0.6904761904761905	0.691358024691358	0.7037037037037037	0.6951692691530089	0.025903392705980143	59	0.5723566308243727	0.8028673835125448	0.7166666666666667	0.5073924731182796	0.49187828872111644	0.6760047281323877	0.5213947990543736	0.6226684222075928	0.6747502478456493	0.6411347517730497	0.6227114391856035	0.09507251289721172	50
54	4.997338914871216	0.14013795185834374	0.1850435256958008	0.05146809958780062	0.7	200	1	9	9	0.03111111111111111	0.7	{'model__subsample': 0.7, 'model__n_estimators': 200, 'model__min_child_weight': 1, 'model__max_depth': 9, 'model__gamma': 9, 'model__eta': 0.03111111111111111, 'model__colsample_bytree': 0.7}	0.7195121951219512	0.7073170731707317	0.6097560975609756	0.7073170731707317	0.7283950617283951	0.5802469135802469	0.5925925925925926	0.6666666666666666	0.691358024691358	0.6419753086419753	0.6645137006925623	0.052225553591359705	93	0.5824372759856631	0.8066756272401433	0.736111111111111	0.5869175627240143	0.7106688019522611	0.6223404255319149	0.48900709219858157	0.609062980030722	0.6784107374361321	0.7501182033096927	0.6571749817520235	0.09102901941546167	7
55	8.921498012542724	0.6222883497496117	0.18609085083007812	0.04185146944263498	0.8	466	4	9	7	0.09444444444444444	0.8	{'model__subsample': 0.8, 'model__n_estimators': 466, 'model__min_child_weight': 4, 'model__max_depth': 9, 'model__gamma': 7, 'model__eta': 0.09444444444444444, 'model__colsample_bytree': 0.8}	0.6951219512195121	0.7195121951219512	0.6585365853658537	0.7195121951219512	0.7654320987654321	0.6666666666666666	0.6172839506172839	0.6904761904761905	0.6666666666666666	0.6666666666666666	0.6865875166688176	0.03905490391026712	69	0.5723566308243727	0.7094534050179212	0.7638888888888888	0.4896953405017921	0.627926485167391	0.6679669030732861	0.49917257683215127	0.55403774412991	0.6605658506825288	0.6118203309692671	0.615688415608751	0.08414015385186416	60
56	15.207260894775391	0.7426843274868944	0.17641470432281495	0.041937815092914575	0.9	555	2	7	0	0.1577777777777778	1	{'model__subsample': 0.9, 'model__n_estimators': 555, 'model__min_child_weight': 2, 'model__max_depth': 7, 'model__gamma': 0, 'model__eta': 0.1577777777777778, 'model__colsample_bytree': 1}	0.7560975609756098	0.7682926829268293	0.7073170731707317	0.8048780487804879	0.7037037037037037	0.7654320987654321	0.7037037037037037	0.7142857142857143	0.8148148148148148	0.7901234567901234	0.7528648857917151	0.040907658519337906	15	0.6070788530465949	0.7372311827956989	0.49027777777777776	0.5459229390681003	0.47746511095859073	0.7488179669030733	0.46855791962174936	0.4950625411454905	0.7603141920231832	0.5382978723404256	0.5869026355680684	0.11273360745672616	98
57	16.432983803749085	0.7800353710280479	0.15908656120300294	0.0247750764571612	0.9	911	4	9	3	0.03111111111111111	0.9	{'model__subsample': 0.9, 'model__n_estimators': 911, 'model__min_child_weight': 4, 'model__max_depth': 9, 'model__gamma': 3, 'model__eta': 0.03111111111111111, 'model__colsample_bytree': 0.9}	0.7682926829268293	0.7195121951219512	0.7073170731707317	0.7804878048780488	0.7530864197530864	0.7160493827160493	0.6296296296296297	0.7380952380952381	0.7283950617283951	0.7654320987654321	0.7306297586785392	0.04094050237284649	29	0.6178315412186379	0.6052867383512545	0.6430555555555556	0.5282258064516129	0.6135133074048654	0.7043735224586288	0.4340425531914893	0.5891485626508668	0.699687333180813	0.6685579196217494	0.6103722840085474	0.07723290016796765	73
58	14.707404303550721	0.38321619964487	0.18687970638275148	0.046557922032976214	1	822	4	3	9	0.1788888888888889	0.8	{'model__subsample': 1, 'model__n_estimators': 822, 'model__min_child_weight': 4, 'model__max_depth': 3, 'model__gamma': 9, 'model__eta': 0.1788888888888889, 'model__colsample_bytree': 0.8}	0.6707317073170732	0.6951219512195121	0.6341463414634146	0.6707317073170732	0.7283950617283951	0.6049382716049383	0.5925925925925926	0.6428571428571429	0.6419753086419753	0.6296296296296297	0.6511119714371747	0.03890616288688909	100	0.5546594982078853	0.6955645161290321	0.7541666666666668	0.45810931899641577	0.6066498894227103	0.6365248226950354	0.5652482269503546	0.5954575378538512	0.6463814535194081	0.6627659574468084	0.6175527887888169	0.07791345738017894	54
59	12.545128273963929	0.4550009546103586	0.1842646598815918	0.04679477307616228	0.7	644	5	8	5	0.07333333333333333	0.8	{'model__subsample': 0.7, 'model__n_estimators': 644, 'model__min_child_weight': 5, 'model__max_depth': 8, 'model__gamma': 5, 'model__eta': 0.07333333333333333, 'model__colsample_bytree': 0.8}	0.7682926829268293	0.7560975609756098	0.7073170731707317	0.7560975609756098	0.7530864197530864	0.691358024691358	0.654320987654321	0.7023809523809523	0.691358024691358	0.7037037037037037	0.718401299092356	0.03563526157334124	42	0.6140232974910395	0.8382616487455197	0.7999999999999999	0.5181451612903226	0.6244947761763135	0.6901891252955084	0.524468085106383	0.6373710774632434	0.6784107374361321	0.633096926713948	0.655846083571841	0.0977532713188954	9
60	20.208173060417174	1.0822946677030054	0.1869741201400757	0.04281994263684395	0.8	466	1	10	0	0.07333333333333333	0.9	{'model__subsample': 0.8, 'model__n_estimators': 466, 'model__min_child_weight': 1, 'model__max_depth': 10, 'model__gamma': 0, 'model__eta': 0.07333333333333333, 'model__colsample_bytree': 0.9}	0.7926829268292683	0.7560975609756098	0.7195121951219512	0.8292682926829268	0.7160493827160493	0.7654320987654321	0.7283950617283951	0.7380952380952381	0.7777777777777778	0.8024691358024691	0.7625779670495118	0.036074692462794274	7	0.6279121863799283	0.7264784946236559	0.5736111111111111	0.5598118279569892	0.48455730954015097	0.6725768321513002	0.48274231678486995	0.5851985955672592	0.6240372149775032	0.6216312056737588	0.5958557094766526	0.07247355717430097	92
61	21.32539246082306	1.3457234622309346	0.1749098300933838	0.0498077142794392	0.7	822	1	9	0	0.1788888888888889	0.8	{'model__subsample': 0.7, 'model__n_estimators': 822, 'model__min_child_weight': 1, 'model__max_depth': 9, 'model__gamma': 0, 'model__eta': 0.1788888888888889, 'model__colsample_bytree': 0.8}	0.7439024390243902	0.7804878048780488	0.7195121951219512	0.8170731707317073	0.7160493827160493	0.7901234567901234	0.7407407407407407	0.7142857142857143	0.8024691358024691	0.7777777777777778	0.7602421817868972	0.03604771217685395	10	0.5925179211469535	0.7403673835125448	0.49722222222222223	0.5490591397849462	0.48455730954015097	0.7710401891252955	0.5660756501182033	0.5715931533903884	0.7495615038511402	0.5271867612293144	0.6049181233921159	0.10241353915661229	78
62	12.230020332336426	0.2827865082196429	0.17022740840911865	0.03781633813904781	0.9	733	1	8	3	0.1366666666666667	1	{'model__subsample': 0.9, 'model__n_estimators': 733, 'model__min_child_weight': 1, 'model__max_depth': 8, 'model__gamma': 3, 'model__eta': 0.1366666666666667, 'model__colsample_bytree': 1}	0.7560975609756098	0.7317073170731707	0.7073170731707317	0.7439024390243902	0.7160493827160493	0.7037037037037037	0.6666666666666666	0.7142857142857143	0.6790123456790124	0.7283950617283951	0.7147137265023444	0.026079820847776033	45	0.6070788530465949	0.8205645161290324	0.6472222222222223	0.5073924731182796	0.5885762220697018	0.7013002364066194	0.4513002364066194	0.5755431204739961	0.6639975596736063	0.5710401891252955	0.6134015628671967	0.09784950020659208	66
63	17.846234011650086	0.8223382290369039	0.16218698024749756	0.04499529316404944	1	1000	3	7	3	0.03111111111111111	0.8	{'model__subsample': 1, 'model__n_estimators': 1000, 'model__min_child_weight': 3, 'model__max_depth': 7, 'model__gamma': 3, 'model__eta': 0.03111111111111111, 'model__colsample_bytree': 0.8}	0.7317073170731707	0.7317073170731707	0.7195121951219512	0.7317073170731707	0.7037037037037037	0.7160493827160493	0.654320987654321	0.7261904761904762	0.7283950617283951	0.7407407407407407	0.7184034499075149	0.023494294513230207	41	0.5931899641577061	0.6084229390681003	0.65	0.5004480286738352	0.5814840234881415	0.7043735224586288	0.4482269503546099	0.5823458415624314	0.699687333180813	0.5861702127659574	0.5954348815710224	0.07551936395388245	93
64	20.934230709075926	1.9835281751303508	0.2374199867248535	0.029283756715800073	0.9	911	2	7	9	0.01	0.9	{'model__subsample': 0.9, 'model__n_estimators': 911, 'model__min_child_weight': 2, 'model__max_depth': 7, 'model__gamma': 9, 'model__eta': 0.01, 'model__colsample_bytree': 0.9}	0.6829268292682927	0.7195121951219512	0.6219512195121951	0.7195121951219512	0.7283950617283951	0.6419753086419753	0.6172839506172839	0.6785714285714286	0.691358024691358	0.654320987654321	0.6755807200929151	0.03849295161771152	77	0.5616039426523297	0.7094534050179212	0.7430555555555555	0.4896953405017921	0.6066498894227103	0.6578014184397163	0.5031914893617021	0.6158657011191574	0.6747502478456493	0.6809692671394799	0.6243036257056013	0.08082827953685702	48
65	16.39087884426117	0.7372297810070009	0.20918161869049073	0.02983701086111559	1	733	2	8	7	0.1366666666666667	0.7	{'model__subsample': 1, 'model__n_estimators': 733, 'model__min_child_weight': 2, 'model__max_depth': 8, 'model__gamma': 7, 'model__eta': 0.1366666666666667, 'model__colsample_bytree': 0.7}	0.7073170731707317	0.6951219512195121	0.6585365853658537	0.7317073170731707	0.7530864197530864	0.6790123456790124	0.6172839506172839	0.6904761904761905	0.6790123456790124	0.7037037037037037	0.6915257882737558	0.03567811291174214	63	0.5793010752688171	0.587589605734767	0.7638888888888888	0.5004480286738352	0.6244947761763135	0.6830969267139481	0.49917257683215127	0.630568356374808	0.6676580492640891	0.633096926713948	0.6169315210641566	0.07665805069464851	56
66	6.757709550857544	0.8082251803245492	0.15947630405426025	0.04036888915408923	1	288	4	8	5	0.052222222222222225	0.7	{'model__subsample': 1, 'model__n_estimators': 288, 'model__min_child_weight': 4, 'model__max_depth': 8, 'model__gamma': 5, 'model__eta': 0.052222222222222225, 'model__colsample_bytree': 0.7}	0.7317073170731707	0.7439024390243902	0.6707317073170732	0.7560975609756098	0.7283950617283951	0.691358024691358	0.6419753086419753	0.7142857142857143	0.691358024691358	0.7407407407407407	0.7110551899169785	0.034497212310896995	48	0.5969982078853046	0.72334229390681	0.6180555555555555	0.5181451612903226	0.5993289102417448	0.6901891252955084	0.44113475177304967	0.6481237656352864	0.6747502478456493	0.6543735224586288	0.616444154188786	0.07986057848060155	59
67	12.50383427143097	0.24991148999426208	0.1503425121307373	0.030827622424683607	0.8	733	4	6	3	0.07333333333333333	0.7	{'model__subsample': 0.8, 'model__n_estimators': 733, 'model__min_child_weight': 4, 'model__max_depth': 6, 'model__gamma': 3, 'model__eta': 0.07333333333333333, 'model__colsample_bytree': 0.7}	0.7926829268292683	0.7682926829268293	0.7439024390243902	0.7804878048780488	0.7407407407407407	0.7283950617283951	0.7160493827160493	0.7023809523809523	0.7530864197530864	0.7654320987654321	0.7491450509743192	0.027085480645905227	18	0.6317204301075269	0.7410394265232975	0.6722222222222222	0.53584229390681	0.6027606192328224	0.7154846335697399	0.5639479905437352	0.5647904323019531	0.7175322199344162	0.6685579196217494	0.6413898187964272	0.06891820432385797	21
68	10.561789727210998	0.260386238955138	0.1540691614151001	0.026720483587304465	0.9	644	4	8	5	0.09444444444444444	1	{'model__subsample': 0.9, 'model__n_estimators': 644, 'model__min_child_weight': 4, 'model__max_depth': 8, 'model__gamma': 5, 'model__eta': 0.09444444444444444, 'model__colsample_bytree': 1}	0.7439024390243902	0.7195121951219512	0.6951219512195121	0.7560975609756098	0.7654320987654321	0.691358024691358	0.654320987654321	0.7142857142857143	0.6666666666666666	0.691358024691358	0.7098055663096314	0.03514239924581016	50	0.6039426523297491	0.609094982078853	0.6402777777777778	0.5181451612903226	0.6315869747578738	0.6861702127659575	0.4482269503546099	0.5755431204739961	0.6605658506825288	0.6260047281323877	0.5999558410644056	0.0669488356587548	86
69	11.545479035377502	0.5486092170879755	0.18368163108825683	0.0551948357340436	0.7	644	1	4	9	0.07333333333333333	0.8	{'model__subsample': 0.7, 'model__n_estimators': 644, 'model__min_child_weight': 1, 'model__max_depth': 4, 'model__gamma': 9, 'model__eta': 0.07333333333333333, 'model__colsample_bytree': 0.8}	0.6951219512195121	0.7195121951219512	0.6219512195121951	0.7439024390243902	0.7283950617283951	0.6296296296296297	0.6172839506172839	0.6428571428571429	0.6296296296296297	0.6666666666666666	0.6694949886006797	0.045876595169333026	86	0.5685483870967741	0.8098118279569894	0.7430555555555555	0.6115591397849462	0.6066498894227103	0.650709219858156	0.5754137115839243	0.5994075049374589	0.6392892549378479	0.692080378250591	0.6496524869384954	0.07361925186372617	13
70	4.384150409698487	0.19382877298839868	0.22565631866455077	0.05452340112419882	0.6	200	3	7	7	0.1577777777777778	0.7	{'model__subsample': 0.6, 'model__n_estimators': 200, 'model__min_child_weight': 3, 'model__max_depth': 7, 'model__gamma': 7, 'model__eta': 0.1577777777777778, 'model__colsample_bytree': 0.7}	0.6829268292682927	0.7439024390243902	0.6341463414634146	0.7682926829268293	0.7654320987654321	0.6172839506172839	0.6172839506172839	0.6547619047619048	0.6790123456790124	0.6790123456790124	0.6842054888802857	0.05442200300282668	71	0.5692204301075269	0.8313172043010754	0.75	0.6330645161290323	0.6315869747578738	0.6476359338061465	0.5031914893617021	0.6022602589422866	0.6713185388545718	0.6148936170212765	0.6454488963281492	0.08680111799946293	19
71	14.071648859977723	0.6003284146845461	0.2231450319290161	0.05292664685207579	1	644	3	5	3	0.03111111111111111	1	{'model__subsample': 1, 'model__n_estimators': 644, 'model__min_child_weight': 3, 'model__max_depth': 5, 'model__gamma': 3, 'model__eta': 0.03111111111111111, 'model__colsample_bytree': 1}	0.7317073170731707	0.6951219512195121	0.6829268292682927	0.7317073170731707	0.7283950617283951	0.7037037037037037	0.6790123456790124	0.7142857142857143	0.7283950617283951	0.7283950617283951	0.7123650363487761	0.019682922727541526	47	0.5931899641577061	0.5837813620071685	0.625	0.5004480286738352	0.5993289102417448	0.7013002364066194	0.4624113475177305	0.5715931533903884	0.699687333180813	0.6553191489361702	0.5992059484512177	0.07337319520249481	87
72	5.286012005805969	0.28034290321546584	0.20357856750488282	0.05197886065557714	0.8	200	1	9	9	0.07333333333333333	0.7	{'model__subsample': 0.8, 'model__n_estimators': 200, 'model__min_child_weight': 1, 'model__max_depth': 9, 'model__gamma': 9, 'model__eta': 0.07333333333333333, 'model__colsample_bytree': 0.7}	0.6829268292682927	0.6951219512195121	0.6341463414634146	0.7073170731707317	0.7407407407407407	0.6296296296296297	0.6296296296296297	0.6547619047619048	0.6790123456790124	0.654320987654321	0.670760743321719	0.03506211086339385	83	0.5577956989247311	0.799731182795699	0.7541666666666668	0.48275089605734767	0.6137420880042705	0.6466903073286052	0.5825059101654846	0.6062102260258942	0.6639975596736063	0.6849881796690308	0.6392578715311337	0.08820928257295643	25
73	4.96200315952301	0.09614235168929651	0.18958628177642822	0.04317492998455719	0.8	200	2	3	7	0.1788888888888889	1	{'model__subsample': 0.8, 'model__n_estimators': 200, 'model__min_child_weight': 2, 'model__max_depth': 3, 'model__gamma': 7, 'model__eta': 0.1788888888888889, 'model__colsample_bytree': 1}	0.6707317073170732	0.7073170731707317	0.6585365853658537	0.6829268292682927	0.7283950617283951	0.6049382716049383	0.5802469135802469	0.6785714285714286	0.6790123456790124	0.7037037037037037	0.6694379919989677	0.043217720057088835	88	0.5546594982078853	0.7990591397849464	0.7638888888888888	0.46886200716845877	0.6029893998322275	0.6325059101654846	0.4016548463356974	0.6237656352863726	0.6639975596736063	0.6411347517730497	0.6152517637116617	0.11409198564928706	62
74	8.574719214439392	0.6719262879336463	0.20222184658050538	0.06362399137182059	0.8	377	2	7	7	0.1788888888888889	0.9	{'model__subsample': 0.8, 'model__n_estimators': 377, 'model__min_child_weight': 2, 'model__max_depth': 7, 'model__gamma': 7, 'model__eta': 0.1788888888888889, 'model__colsample_bytree': 0.9}	0.7317073170731707	0.7195121951219512	0.6585365853658537	0.7195121951219512	0.7407407407407407	0.6419753086419753	0.6172839506172839	0.6904761904761905	0.691358024691358	0.7037037037037037	0.6914806211554179	0.038481091151458785	64	0.5893817204301075	0.7170698924731184	0.7680555555555556	0.4858870967741935	0.6100815984137878	0.6537825059101655	0.4269503546099291	0.6345183234584156	0.6784107374361321	0.6371158392434988	0.6201253624304904	0.09627562004547409	53
75	6.380551099777222	0.36004470723184767	0.19936909675598144	0.05132517235088959	1	288	5	4	9	0.052222222222222225	0.7	{'model__subsample': 1, 'model__n_estimators': 288, 'model__min_child_weight': 5, 'model__max_depth': 4, 'model__gamma': 9, 'model__eta': 0.052222222222222225, 'model__colsample_bytree': 0.7}	0.6829268292682927	0.7439024390243902	0.6341463414634146	0.6951219512195121	0.7407407407407407	0.6172839506172839	0.6172839506172839	0.6904761904761905	0.6790123456790124	0.654320987654321	0.6755215726760442	0.04306847725289617	78	0.5616039426523297	0.8275089605734767	0.7541666666666668	0.47199820788530467	0.6137420880042705	0.6436170212765958	0.5031914893617021	0.6226684222075928	0.6639975596736063	0.6087470449172576	0.6271241403218804	0.10108335542454663	42
76	15.431473302841187	0.4911167070634997	0.15249977111816407	0.022488939790093036	0.9	911	4	8	3	0.1366666666666667	0.9	{'model__subsample': 0.9, 'model__n_estimators': 911, 'model__min_child_weight': 4, 'model__max_depth': 8, 'model__gamma': 3, 'model__eta': 0.1366666666666667, 'model__colsample_bytree': 0.9}	0.7560975609756098	0.6951219512195121	0.7073170731707317	0.7682926829268293	0.7283950617283951	0.7283950617283951	0.6419753086419753	0.7023809523809523	0.7037037037037037	0.7283950617283951	0.71600744182045	0.033362957941905844	44	0.6070788530465949	0.6917562724014337	0.6472222222222223	0.5212813620071685	0.595668420651262	0.7154846335697399	0.4371158392434988	0.5647904323019531	0.6818424464272096	0.5670212765957446	0.6029261758466828	0.08106939605143568	82
77	13.739492559432984	0.37620981610267445	0.1801460027694702	0.03624126657061433	0.8	555	1	4	0	0.07333333333333333	0.8	{'model__subsample': 0.8, 'model__n_estimators': 555, 'model__min_child_weight': 1, 'model__max_depth': 4, 'model__gamma': 0, 'model__eta': 0.07333333333333333, 'model__colsample_bytree': 0.8}	0.7926829268292683	0.7926829268292683	0.7804878048780488	0.8292682926829268	0.7160493827160493	0.7530864197530864	0.7530864197530864	0.7142857142857143	0.8024691358024691	0.7901234567901234	0.7724222480320042	0.03555160963579651	1	0.6355286738351255	0.7549283154121863	0.6166666666666667	0.5636200716845878	0.48455730954015097	0.6614657210401891	0.5049645390070922	0.4950625411454905	0.6455425913215892	0.6105200945626478	0.5972856524215725	0.08131797371409064	89
78	6.052714490890503	0.3225758097249832	0.1574223279953003	0.01749766319226064	0.8	288	2	9	3	0.1788888888888889	0.9	{'model__subsample': 0.8, 'model__n_estimators': 288, 'model__min_child_weight': 2, 'model__max_depth': 9, 'model__gamma': 3, 'model__eta': 0.1788888888888889, 'model__colsample_bytree': 0.9}	0.7560975609756098	0.7073170731707317	0.7439024390243902	0.7439024390243902	0.691358024691358	0.7283950617283951	0.6790123456790124	0.7142857142857143	0.7160493827160493	0.7160493827160493	0.7196369424011699	0.02289087383344579	40	0.6070788530465949	0.5945340501792115	0.6680555555555555	0.503584229390681	0.5707313353160985	0.7154846335697399	0.4583924349881796	0.5676431863067807	0.68893464500877	0.6401891252955082	0.6014628048657119	0.07668357471469081	85
79	13.554275417327881	0.707618200587783	0.17904629707336425	0.04723570719117715	0.8	733	5	3	3	0.1577777777777778	0.9	{'model__subsample': 0.8, 'model__n_estimators': 733, 'model__min_child_weight': 5, 'model__max_depth': 3, 'model__gamma': 3, 'model__eta': 0.1577777777777778, 'model__colsample_bytree': 0.9}	0.7682926829268293	0.7560975609756098	0.7682926829268293	0.7804878048780488	0.7037037037037037	0.7037037037037037	0.7037037037037037	0.7142857142857143	0.8024691358024691	0.7160493827160493	0.7417086075622661	0.0354396177886492	21	0.6140232974910395	0.7226702508960573	0.7666666666666666	0.53584229390681	0.5814840234881415	0.7053191489361702	0.552836879432624	0.6481237656352864	0.7495615038511402	0.6442080378250591	0.6520735868128995	0.07766612082671062	11
80	20.413235783576965	0.6016393600037551	0.21090290546417237	0.039533603070227824	1	733	3	7	0	0.1577777777777778	1	{'model__subsample': 1, 'model__n_estimators': 733, 'model__min_child_weight': 3, 'model__max_depth': 7, 'model__gamma': 0, 'model__eta': 0.1577777777777778, 'model__colsample_bytree': 1}	0.7439024390243902	0.7560975609756098	0.7073170731707317	0.8170731707317073	0.7160493827160493	0.7901234567901234	0.7407407407407407	0.7261904761904762	0.7901234567901234	0.8271604938271605	0.7614778250957113	0.04007043221928037	9	0.6001344086021505	0.6146953405017921	0.4861111111111111	0.5528673835125448	0.48821779913063373	0.7710401891252955	0.48983451536643025	0.5018652622339258	0.6311294135590635	0.6398345153664303	0.5775729938509377	0.0874363334607105	100
81	12.328354144096375	0.6385797855822445	0.187011981010437	0.042903280028258696	1	555	1	5	7	0.03111111111111111	0.8	{'model__subsample': 1, 'model__n_estimators': 555, 'model__min_child_weight': 1, 'model__max_depth': 5, 'model__gamma': 7, 'model__eta': 0.03111111111111111, 'model__colsample_bytree': 0.8}	0.6951219512195121	0.7317073170731707	0.6219512195121951	0.7439024390243902	0.7530864197530864	0.6296296296296297	0.6419753086419753	0.7142857142857143	0.6790123456790124	0.6790123456790124	0.6889684690497699	0.04478091730710082	67	0.5685483870967741	0.7163978494623655	0.6708333333333334	0.5073924731182796	0.6244947761763135	0.650709219858156	0.44113475177304967	0.6441737985516788	0.6639975596736063	0.6229314420803783	0.6110613591123935	0.07867025555895452	72
82	15.34420416355133	0.7171773059139231	0.18455488681793214	0.049665297123363664	1	822	1	9	3	0.11555555555555555	0.7	{'model__subsample': 1, 'model__n_estimators': 822, 'model__min_child_weight': 1, 'model__max_depth': 9, 'model__gamma': 3, 'model__eta': 0.11555555555555555, 'model__colsample_bytree': 0.7}	0.7317073170731707	0.6829268292682927	0.7073170731707317	0.7560975609756098	0.7160493827160493	0.7037037037037037	0.6419753086419753	0.7142857142857143	0.7160493827160493	0.7160493827160493	0.7086161655267345	0.028482190673893737	51	0.6008064516129031	0.576836917562724	0.7194444444444444	0.514336917562724	0.5958972012506673	0.6972813238770685	0.44113475177304967	0.5676431863067807	0.68893464500877	0.5639479905437352	0.5966263829942866	0.08185550850406866	91
83	13.010228061676026	0.35829077251057406	0.1511472463607788	0.017533128415429533	0.9	822	2	6	7	0.11555555555555555	1	{'model__subsample': 0.9, 'model__n_estimators': 822, 'model__min_child_weight': 2, 'model__max_depth': 6, 'model__gamma': 7, 'model__eta': 0.11555555555555555, 'model__colsample_bytree': 1}	0.7195121951219512	0.7195121951219512	0.6585365853658537	0.7195121951219512	0.7530864197530864	0.6790123456790124	0.5925925925925926	0.7261904761904762	0.6666666666666666	0.6790123456790124	0.6913634017292554	0.04375844864917332	65	0.5900537634408601	0.7094534050179212	0.7680555555555556	0.4896953405017921	0.617173796995348	0.6750591016548464	0.48498817966903074	0.6588764538073294	0.6605658506825288	0.6189125295508274	0.6272833976876039	0.08467218845297372	41
84	9.138925313949585	0.24159738920524557	0.15101351737976074	0.01959294955462932	0.7	555	1	10	7	0.1788888888888889	0.9	{'model__subsample': 0.7, 'model__n_estimators': 555, 'model__min_child_weight': 1, 'model__max_depth': 10, 'model__gamma': 7, 'model__eta': 0.1788888888888889, 'model__colsample_bytree': 0.9}	0.7439024390243902	0.7195121951219512	0.6097560975609756	0.7560975609756098	0.7407407407407407	0.6172839506172839	0.6419753086419753	0.6547619047619048	0.6666666666666666	0.7037037037037037	0.6854400567815201	0.05149666018504439	70	0.6001344086021505	0.6129032258064516	0.736111111111111	0.514336917562724	0.606421108823305	0.6436170212765958	0.5173758865248227	0.6101601931095019	0.6678868298634941	0.633096926713948	0.6142043629394106	0.06212161247043167	64
85	12.198196935653687	0.5712587107437961	0.16542913913726806	0.038085841021493254	1	733	5	7	9	0.1788888888888889	0.8	{'model__subsample': 1, 'model__n_estimators': 733, 'model__min_child_weight': 5, 'model__max_depth': 7, 'model__gamma': 9, 'model__eta': 0.1788888888888889, 'model__colsample_bytree': 0.8}	0.6829268292682927	0.7317073170731707	0.6219512195121951	0.6951219512195121	0.7407407407407407	0.6296296296296297	0.6172839506172839	0.6666666666666666	0.6419753086419753	0.6666666666666666	0.6694670280036134	0.041391375500334844	87	0.5616039426523297	0.7163978494623655	0.7388888888888889	0.47199820788530467	0.6174025775947533	0.650709219858156	0.4269503546099291	0.609062980030722	0.6390604743384428	0.6880614657210402	0.6120135961041931	0.09562278408927388	71
86	8.094866347312927	0.6806678876289306	0.19205336570739745	0.07125342768343311	0.6	377	5	7	3	0.1577777777777778	0.9	{'model__subsample': 0.6, 'model__n_estimators': 377, 'model__min_child_weight': 5, 'model__max_depth': 7, 'model__gamma': 3, 'model__eta': 0.1577777777777778, 'model__colsample_bytree': 0.9}	0.7926829268292683	0.7560975609756098	0.7073170731707317	0.8048780487804879	0.7654320987654321	0.7160493827160493	0.6790123456790124	0.7023809523809523	0.7160493827160493	0.7407407407407407	0.7380640512754333	0.03899201123060385	22	0.6355286738351255	0.8382616487455197	0.6430555555555556	0.5497311827956989	0.627926485167391	0.7124113475177305	0.5346335697399528	0.5608404652183454	0.6925951345992526	0.5781323877068557	0.6373116450881428	0.08761537342017582	30
87	30.134222292900084	2.4470275914572404	0.19473016262054443	0.03946462511370061	1	911	5	5	0	0.03111111111111111	0.7	{'model__subsample': 1, 'model__n_estimators': 911, 'model__min_child_weight': 5, 'model__max_depth': 5, 'model__gamma': 0, 'model__eta': 0.03111111111111111, 'model__colsample_bytree': 0.7}	0.8048780487804879	0.7439024390243902	0.7317073170731707	0.8170731707317073	0.7160493827160493	0.7901234567901234	0.7407407407407407	0.7023809523809523	0.8024691358024691	0.7777777777777778	0.7627102421817868	0.038609803589670665	6	0.6462813620071685	0.7195340501792115	0.5125000000000001	0.5528673835125448	0.4808968199496683	0.7670212765957447	0.49385342789598113	0.4882598200570551	0.7532219934416228	0.6034278959810875	0.6017864029620086	0.10751722720800738	84
88	24.98934214115143	1.8223523748271622	0.14793117046356202	0.006687493464637906	0.7	1000	5	10	0	0.07333333333333333	0.8	{'model__subsample': 0.7, 'model__n_estimators': 1000, 'model__min_child_weight': 5, 'model__max_depth': 10, 'model__gamma': 0, 'model__eta': 0.07333333333333333, 'model__colsample_bytree': 0.8}	0.7926829268292683	0.8048780487804879	0.7073170731707317	0.8170731707317073	0.7283950617283951	0.7407407407407407	0.7283950617283951	0.7142857142857143	0.8271604938271605	0.8271604938271605	0.7688088785649762	0.04671039524936349	3	0.6279121863799283	0.862231182795699	0.49027777777777776	0.5528673835125448	0.495309997712194	0.6543735224586288	0.5630023640661939	0.5715931533903884	0.6633874780751926	0.6398345153664303	0.6120789561534978	0.10200133953114435	70
89	13.94885220527649	1.0459465685991938	0.18098025321960448	0.048653423989568706	0.9	733	2	9	7	0.01	0.7	{'model__subsample': 0.9, 'model__n_estimators': 733, 'model__min_child_weight': 2, 'model__max_depth': 9, 'model__gamma': 7, 'model__eta': 0.01, 'model__colsample_bytree': 0.7}	0.7195121951219512	0.7195121951219512	0.6463414634146342	0.7439024390243902	0.7530864197530864	0.6790123456790124	0.6172839506172839	0.6904761904761905	0.691358024691358	0.6666666666666666	0.6927151890566525	0.040514838924397265	60	0.5900537634408601	0.7094534050179212	0.7611111111111111	0.5073924731182796	0.6208342865858308	0.6790780141843972	0.5031914893617021	0.6226684222075928	0.6747502478456493	0.6078014184397164	0.627633463131306	0.07822879483218007	40
90	17.324223923683167	1.0387407876524688	0.20407710075378419	0.031024166814229325	1	911	5	5	3	0.07333333333333333	0.7	{'model__subsample': 1, 'model__n_estimators': 911, 'model__min_child_weight': 5, 'model__max_depth': 5, 'model__gamma': 3, 'model__eta': 0.07333333333333333, 'model__colsample_bytree': 0.7}	0.7439024390243902	0.6951219512195121	0.7073170731707317	0.7682926829268293	0.7530864197530864	0.7160493827160493	0.6666666666666666	0.7142857142857143	0.7407407407407407	0.7283950617283951	0.7233858132232116	0.028384358175606025	33	0.6039426523297491	0.6841397849462365	0.6472222222222223	0.5212813620071685	0.6135133074048654	0.7124113475177305	0.45933806146572104	0.5715931533903884	0.7067795317623732	0.6472813238770686	0.6167502746923523	0.07730778456261993	57
91	5.643691945075989	0.44162268968015234	0.2118818998336792	0.03942148732750954	0.7	200	5	10	5	0.11555555555555555	0.7	{'model__subsample': 0.7, 'model__n_estimators': 200, 'model__min_child_weight': 5, 'model__max_depth': 10, 'model__gamma': 5, 'model__eta': 0.11555555555555555, 'model__colsample_bytree': 0.7}	0.7682926829268293	0.7439024390243902	0.6951219512195121	0.7804878048780488	0.7654320987654321	0.6666666666666666	0.6666666666666666	0.7142857142857143	0.7283950617283951	0.7530864197530864	0.7282337505914741	0.03931165343698423	31	0.6140232974910395	0.8275089605734767	0.7847222222222222	0.5320340501792115	0.6315869747578738	0.6719858156028368	0.5315602836879433	0.6481237656352864	0.7033478227712956	0.7336879432624114	0.6678581136183597	0.09294312171889732	4
92	23.330202603340148	2.208088697502008	0.284689736366272	0.06695149580247259	0.6	822	3	6	7	0.1788888888888889	0.8	{'model__subsample': 0.6, 'model__n_estimators': 822, 'model__min_child_weight': 3, 'model__max_depth': 6, 'model__gamma': 7, 'model__eta': 0.1788888888888889, 'model__colsample_bytree': 0.8}	0.6951219512195121	0.7317073170731707	0.6219512195121951	0.7682926829268293	0.7407407407407407	0.6666666666666666	0.6296296296296297	0.6666666666666666	0.654320987654321	0.7160493827160493	0.6891147244805781	0.046666833854844526	66	0.587589605734767	0.8205645161290324	0.7430555555555555	0.5327060931899642	0.6137420880042705	0.6760047281323877	0.5062647754137116	0.6209128812815449	0.6534736521009684	0.7164302600472814	0.6470744155589484	0.0912363529874905	18
93	12.428474426269531	1.9904327368941659	0.14108211994171144	0.0028160536308570448	0.6	377	3	9	0	0.1577777777777778	0.9	{'model__subsample': 0.6, 'model__n_estimators': 377, 'model__min_child_weight': 3, 'model__max_depth': 9, 'model__gamma': 0, 'model__eta': 0.1577777777777778, 'model__colsample_bytree': 0.9}	0.7926829268292683	0.8170731707317073	0.7439024390243902	0.8048780487804879	0.6790123456790124	0.7283950617283951	0.7037037037037037	0.7142857142857143	0.8024691358024691	0.8024691358024691	0.7588871682367617	0.04796926460985734	13	0.6355286738351255	0.872983870967742	0.5875	0.5459229390681003	0.46328071379547014	0.6432624113475177	0.5447990543735225	0.5676431863067807	0.6418821017311065	0.6216312056737588	0.6124434157099123	0.10207575608212716	68
94	9.580903553962708	0.5497422282137433	0.15075435638427734	0.03553017853902067	0.7	555	4	9	3	0.052222222222222225	0.9	{'model__subsample': 0.7, 'model__n_estimators': 555, 'model__min_child_weight': 4, 'model__max_depth': 9, 'model__gamma': 3, 'model__eta': 0.052222222222222225, 'model__colsample_bytree': 0.9}	0.7804878048780488	0.7560975609756098	0.7195121951219512	0.7804878048780488	0.7283950617283951	0.7407407407407407	0.7037037037037037	0.7261904761904762	0.7530864197530864	0.7654320987654321	0.7454133866735492	0.024750256855985406	19	0.6209677419354839	0.8344534050179212	0.6541666666666667	0.5282258064516129	0.5993289102417448	0.7225768321513003	0.552836879432624	0.5823458415624314	0.7175322199344162	0.6685579196217494	0.6480992223015951	0.08742644140222366	17
95	10.05208625793457	0.07839466424741479	0.1494978189468384	0.012025678569484336	0.6	466	3	4	0	0.1577777777777778	0.8	{'model__subsample': 0.6, 'model__n_estimators': 466, 'model__min_child_weight': 3, 'model__max_depth': 4, 'model__gamma': 0, 'model__eta': 0.1577777777777778, 'model__colsample_bytree': 0.8}	0.7804878048780488	0.8048780487804879	0.7804878048780488	0.8170731707317073	0.691358024691358	0.7901234567901234	0.7160493827160493	0.7142857142857143	0.8024691358024691	0.8148148148148148	0.7712027358368823	0.04393718356370162	2	0.6247759856630825	0.8660394265232975	0.6888888888888888	0.5566756272401433	0.47037291237703044	0.6947990543735224	0.5559101654846336	0.5715931533903884	0.7459010142606574	0.6287234042553191	0.6403679632456963	0.10748319967289033	24
96	7.809569144248963	0.10335865954619919	0.15272181034088134	0.015874849443735666	0.7	466	3	5	7	0.052222222222222225	0.9	{'model__subsample': 0.7, 'model__n_estimators': 466, 'model__min_child_weight': 3, 'model__max_depth': 5, 'model__gamma': 7, 'model__eta': 0.052222222222222225, 'model__colsample_bytree': 0.9}	0.7195121951219512	0.7560975609756098	0.6341463414634146	0.7439024390243902	0.7283950617283951	0.6419753086419753	0.6296296296296297	0.7023809523809523	0.691358024691358	0.6790123456790124	0.6926409859336689	0.04346976810351942	62	0.5862455197132616	0.8344534050179212	0.75	0.5073924731182796	0.6066498894227103	0.6537825059101655	0.5102836879432624	0.6373710774632434	0.6784107374361321	0.6189125295508274	0.6383501825575804	0.0950866417726658	27
97	10.783121037483216	0.8594298167326799	0.17557275295257568	0.042178901820229764	0.9	644	5	3	3	0.2	0.7	{'model__subsample': 0.9, 'model__n_estimators': 644, 'model__min_child_weight': 5, 'model__max_depth': 3, 'model__gamma': 3, 'model__eta': 0.2, 'model__colsample_bytree': 0.7}	0.7560975609756098	0.7195121951219512	0.6829268292682927	0.7682926829268293	0.7160493827160493	0.7283950617283951	0.7037037037037037	0.7261904761904762	0.7407407407407407	0.7283950617283951	0.7270303695100442	0.023251333756519048	32	0.6108870967741935	0.7056451612903225	0.5569444444444445	0.525089605734767	0.5922367116601845	0.7154846335697399	0.47659574468085103	0.5783958744788238	0.710440021352856	0.6513002364066194	0.6123019530392803	0.07820001713962696	69
98	4.69349627494812	0.301793940367861	0.22194015979766846	0.04968450245184505	0.8	200	5	4	5	0.09444444444444444	1	{'model__subsample': 0.8, 'model__n_estimators': 200, 'model__min_child_weight': 5, 'model__max_depth': 4, 'model__gamma': 5, 'model__eta': 0.09444444444444444, 'model__colsample_bytree': 1}	0.7439024390243902	0.7317073170731707	0.6707317073170732	0.7439024390243902	0.7407407407407407	0.6666666666666666	0.6419753086419753	0.6785714285714286	0.7037037037037037	0.691358024691358	0.7013259775454896	0.035191791313969815	54	0.6001344086021505	0.712589605734767	0.7791666666666667	0.5073924731182796	0.6100815984137878	0.6679669030732861	0.5173758865248227	0.5472350230414746	0.6818424464272096	0.6219858156028368	0.6245770827205283	0.08296176438583888	47
99	19.68377728462219	4.942024970549798	0.09995839595794678	0.030411235607592547	1	911	4	3	0	0.2	0.9	{'model__subsample': 1, 'model__n_estimators': 911, 'model__min_child_weight': 4, 'model__max_depth': 3, 'model__gamma': 0, 'model__eta': 0.2, 'model__colsample_bytree': 0.9}	0.7926829268292683	0.7926829268292683	0.7317073170731707	0.8170731707317073	0.691358024691358	0.7530864197530864	0.7283950617283951	0.7023809523809523	0.8024691358024691	0.7777777777777778	0.7589613713597453	0.04169101181142661	12	0.6431451612903226	0.8552867383512545	0.5805555555555556	0.5566756272401433	0.5707313353160985	0.6614657210401891	0.5630023640661939	0.5687403993855606	0.6455425913215892	0.5271867612293144	0.6172332254796221	0.0898190644943816	55
